rota_modelo,arquivo_entrada,area,papeis_declarados_na_pagina,guarda_ou_limite_de_papel,layout_ancestral,componentes_page_e_compartilhados,sinal_de_dados_demonstrativos,tema_codigo,responsividade_codigo,teclado_codigo,estados_identificados_no_codigo,evidencia_codigo,evidencia_teste_automatizado,evidencia_captura_visual,evidencia_validacao_manual,evidencia_aceite_humano,lacuna
/,src/app/page.tsx,Site público — início,— (sem lista local),Sem papel declarado; rota pública/prévia por código. Não implica autorização para endpoints.,src/app/layout.tsx (RootLayout),page export: Home; SiteVisualRenderer; DevelopmentPreviewNav; PublishedTheme; PublishedTheme (RootLayout),"Source marker(s) preview, prévia; static hint only, not runtime dataset proof.",RootLayout/PublishedTheme e CSS público do escopo; não herda automaticamente o tema staff. Tema por rota não validado.,"globals.css público possui breakpoints 1150/880/640px; página específica não foi conferida em todos os tamanhos. Módulos locais detectados: max-width: 640px, max-width:680px.",globals.css define :focus-visible em .site; sem verificação por rota/todos os controles.,No state marker detected in scanned source (not a runtime inventory),src/app/page.tsx; src/app/layout.tsx (RootLayout),tests/site-appearance.focal.test.mjs,docs/evidencias/identidade-2026-10-07/site-logo.png (logo asset evidence only; not full-page route capture),— (nenhuma validação manual específica desta rota registrada nesta matriz),"Não documentado para esta rota; nenhuma aprovação humana inferida. README registra aprovação geral de conceitos visuais, não aceite por rota/estado.","Captura(s)/teste(s) cobrem apenas os cenários/vp indicados nos documentos; faltam cobertura completa por papel, dia/noite, 320/390/768/1440px, estados e leitor de tela. Sem aceite humano por rota."
/admin,src/app/admin/page.tsx,Administração — hub,— (sem lista local),AdminHub envolve AdminGate sem allowedRoles local; exige sessão staff reconhecida. Navegação não autoriza API.,src/app/layout.tsx (RootLayout),page export: AdminPage; AdminHub; modulesForRole; AdminGate; UiCardLink; AdminChrome; AdminThemeToggle; PublishedTheme (RootLayout),"Source marker(s) demo; static hint only, not runtime dataset proof.",Código: RootLayout importa admin-theme.css; página/componente declara data-admin-theme-scope e AdminThemeToggle quando aplicável. Preferência localStorage dia/noite; sem validação visual por rota.,"Código compartilhado AdminChrome: drawer <=900px, compactação <=480px; admin-theme.css permite tabela rolável <=700px. Módulos locais detectados: max-width: 900px, max-width: 480px.","Código AdminChrome: foco visível, Escape, Tab cíclico no drawer móvel e retorno de foco; teclado da página varia por módulo e só é comprovado quando a suíte/fonte da evidência assim diz.",AdminGate: checking/error/forbidden/ready; loading; empty; error; denied; retry,src/app/admin/page.tsx; src/app/layout.tsx (RootLayout),tests/admin-page-gates.test.mjs (contrato estático de 39 role arrays + exceções; não renderiza a rota); tests/admin-navigation.test.mjs,"docs/ux-00-evidencias/desktop-hub.png (baseline 05/10); docs/ux-00-evidencias/mobile-hub.png (baseline 05/10); docs/ux-02-evidencias/desktop-hub.png (1440×900, preview); docs/ux-02-evidencias/mobile-hub.png (390×900, preview)",— (nenhuma validação manual específica desta rota registrada nesta matriz),"Não documentado para esta rota; nenhuma aprovação humana inferida. README registra aprovação geral de conceitos visuais, não aceite por rota/estado.","Captura(s)/teste(s) cobrem apenas os cenários/vp indicados nos documentos; faltam cobertura completa por papel, dia/noite, 320/390/768/1440px, estados e leitor de tela. Sem aceite humano por rota."
/admin/analytics,src/app/admin/analytics/page.tsx,Administração — analytics,"admin, ti, marcelo","AdminGate allowedRoles=admin, ti, marcelo; envelope visual apenas; grants/contratos são decisão do servidor.",src/app/layout.tsx (RootLayout),page export: AnalyticsPage; AdminGate; BrandLogo; AdminThemeToggle; AnalyticsWorkspace; UiState; UiBadge; AdminChrome; PublishedTheme (RootLayout),"Source marker(s) demo; static hint only, not runtime dataset proof.",Código: RootLayout importa admin-theme.css; página/componente declara data-admin-theme-scope e AdminThemeToggle quando aplicável. Preferência localStorage dia/noite; sem validação visual por rota.,"Código compartilhado AdminChrome: drawer <=900px, compactação <=480px; admin-theme.css permite tabela rolável <=700px. Módulos locais detectados: max-width: 900px, max-width: 480px, max-width: 600px.","Código AdminChrome: foco visível, Escape, Tab cíclico no drawer móvel e retorno de foco; teclado da página varia por módulo e só é comprovado quando a suíte/fonte da evidência assim diz.",AdminGate: checking/error/forbidden/ready; UiState component referenced; loading; empty; error; denied; success; retry; busy,src/app/admin/analytics/page.tsx; src/app/layout.tsx (RootLayout),tests/admin-page-gates.test.mjs (contrato estático de 39 role arrays + exceções; não renderiza a rota); tests/ux-analytics-vocabulary.test.mjs; tests/ux-analytics-workspace.integration.test.mjs,docs/ux-07-analytics-evidencias/desktop-analytics.png + mobile-analytics.png (1440×900 / 390×844),— (nenhuma validação manual específica desta rota registrada nesta matriz),"Não documentado para esta rota; nenhuma aprovação humana inferida. README registra aprovação geral de conceitos visuais, não aceite por rota/estado.","Captura(s)/teste(s) cobrem apenas os cenários/vp indicados nos documentos; faltam cobertura completa por papel, dia/noite, 320/390/768/1440px, estados e leitor de tela. Sem aceite humano por rota."
/admin/aparencia,src/app/admin/aparencia/page.tsx,Administração — aparência do site,"admin, marcelo, ti","AdminGate allowedRoles=admin, marcelo, ti; envelope visual apenas; grants/contratos são decisão do servidor.",src/app/layout.tsx (RootLayout),page export: AppearancePage; AdminGate; BrandLogo; AdminThemeToggle; AppearanceGallery; AdminChrome; PublishedTheme (RootLayout),"Source marker(s) demo, preview, prévia; static hint only, not runtime dataset proof.",Código: RootLayout importa admin-theme.css; página/componente declara data-admin-theme-scope e AdminThemeToggle quando aplicável. Preferência localStorage dia/noite; sem validação visual por rota.,"Código compartilhado AdminChrome: drawer <=900px, compactação <=480px; admin-theme.css permite tabela rolável <=700px. Módulos locais detectados: max-width: 900px, max-width: 480px, max-width:700px.","Código AdminChrome: foco visível, Escape, Tab cíclico no drawer móvel e retorno de foco; teclado da página varia por módulo e só é comprovado quando a suíte/fonte da evidência assim diz.",AdminGate: checking/error/forbidden/ready; loading; empty; error; denied; success; retry; busy,src/app/admin/aparencia/page.tsx; src/app/layout.tsx (RootLayout),tests/admin-page-gates.test.mjs (contrato estático de 39 role arrays + exceções; não renderiza a rota); tests/site-appearance.focal.test.mjs,"docs/evidencias/identidade-2026-10-07/galeria-desktop.png + galeria-mobile.png (gallery preview; report says temporary route, not conclusive current-route coverage)",docs/IDENTIDADE-VISUAL-E-APARENCIA-2026-10-07.md: browser/keyboard comparison of the gallery via a temporary local route; not a route-specific owner acceptance and not evidence of every layout page.,"Não documentado para esta rota; nenhuma aprovação humana inferida. README registra aprovação geral de conceitos visuais, não aceite por rota/estado.","Captura(s)/teste(s) cobrem apenas os cenários/vp indicados nos documentos; faltam cobertura completa por papel, dia/noite, 320/390/768/1440px, estados e leitor de tela. Sem aceite humano por rota."
/admin/carteira,src/app/admin/carteira/page.tsx,Administração — carteira,"comercial, marcelo, admin, ti","AdminGate allowedRoles=comercial, marcelo, admin, ti; envelope visual apenas; grants/contratos são decisão do servidor.",src/app/layout.tsx (RootLayout),page export: Carteira; AdminGate; BrandLogo; AdminThemeToggle; UiState; AdminChrome; PublishedTheme (RootLayout),"Source marker(s) demo; static hint only, not runtime dataset proof.",Código: RootLayout importa admin-theme.css; página/componente declara data-admin-theme-scope e AdminThemeToggle quando aplicável. Preferência localStorage dia/noite; sem validação visual por rota.,"Código compartilhado AdminChrome: drawer <=900px, compactação <=480px; admin-theme.css permite tabela rolável <=700px. Módulos locais detectados: max-width: 600px, max-width: 900px, max-width: 480px.","Código AdminChrome: foco visível, Escape, Tab cíclico no drawer móvel e retorno de foco; teclado da página varia por módulo e só é comprovado quando a suíte/fonte da evidência assim diz.",AdminGate: checking/error/forbidden/ready; UiState component referenced; loading; empty; error; denied; success; retry; busy,src/app/admin/carteira/page.tsx; src/app/layout.tsx (RootLayout),tests/admin-page-gates.test.mjs (contrato estático de 39 role arrays + exceções; não renderiza a rota); tests/ux-crm-vocabulary.test.mjs; tests/ux-crm-workspace.integration.test.mjs,docs/ux-03b-evidencias/desktop-carteira.png + mobile-carteira.png,— (nenhuma validação manual específica desta rota registrada nesta matriz),"Não documentado para esta rota; nenhuma aprovação humana inferida. README registra aprovação geral de conceitos visuais, não aceite por rota/estado.","Captura(s)/teste(s) cobrem apenas os cenários/vp indicados nos documentos; faltam cobertura completa por papel, dia/noite, 320/390/768/1440px, estados e leitor de tela. Sem aceite humano por rota."
/admin/clientes,src/app/admin/clientes/page.tsx,Administração — clientes e vínculos,"marcelo, ti","AdminGate allowedRoles=marcelo, ti; envelope visual apenas; grants/contratos são decisão do servidor.",src/app/layout.tsx (RootLayout),page export: ClientAdminPage; UiTaskWorkspace; AccountsSection; GrantsSection; ContractsSection; DocumentsSection; TicketsSection; VisitsSection; ReportsSection; InvitesSection; RecoveriesSection; AdminGate; BrandLogo; AdminThemeToggle; AdminChrome; PublishedTheme (RootLayout),"Source marker(s) demo, mock; static hint only, not runtime dataset proof.",Código: RootLayout importa admin-theme.css; página/componente declara data-admin-theme-scope e AdminThemeToggle quando aplicável. Preferência localStorage dia/noite; sem validação visual por rota.,"Código compartilhado AdminChrome: drawer <=900px, compactação <=480px; admin-theme.css permite tabela rolável <=700px. Módulos locais detectados: min-width: 700px, max-width:700px, max-width: 900px, max-width: 480px.","Código AdminChrome: foco visível, Escape, Tab cíclico no drawer móvel e retorno de foco; teclado da página varia por módulo e só é comprovado quando a suíte/fonte da evidência assim diz.",AdminGate: checking/error/forbidden/ready; loading; empty; error; denied; retry; busy,src/app/admin/clientes/page.tsx; src/app/layout.tsx (RootLayout),tests/admin-page-gates.test.mjs (contrato estático de 39 role arrays + exceções; não renderiza a rota); tests/f03-client-ticket-acceptance.integration.test.mjs,— (nenhuma captura visual por rota encontrada na evidência mapeada),— (nenhuma validação manual específica desta rota registrada nesta matriz),"Não documentado para esta rota; nenhuma aprovação humana inferida. README registra aprovação geral de conceitos visuais, não aceite por rota/estado.","Sem captura visual específica listada; tema dia/noite, 320/390/768/1440px, teclado e todos os estados não estão cobertos por esta linha. Nenhum aceite humano por rota foi localizado."
/admin/comercial,src/app/admin/comercial/page.tsx,Administração — comercial,"comercial, marcelo, admin, ti","AdminGate allowedRoles=comercial, marcelo, admin, ti; envelope visual apenas; grants/contratos são decisão do servidor.",src/app/layout.tsx (RootLayout),page export: AdminComercialPage; ComercialWorkspace; CommercialHistory; CatalogClient; EquipmentClient; InspectionClient; LaborBudgetClient; TechnicalBudgetClient; CostParameterClient; PriceScenarioClient; DiscountClient; ProposalClient; ProposalDeliveryClient; ProposalAcceptanceClient; ContractClient; ReportClient; CommissionClient; CommercialLibraryClient; PartnershipClient; AdminGate; BrandLogo; AdminThemeToggle; AdminChrome; PublishedTheme (RootLayout),"Source marker(s) demo, demonstr, exemplo, simulad; static hint only, not runtime dataset proof.",Código: RootLayout importa admin-theme.css; página/componente declara data-admin-theme-scope e AdminThemeToggle quando aplicável. Preferência localStorage dia/noite; sem validação visual por rota.,"Código compartilhado AdminChrome: drawer <=900px, compactação <=480px; admin-theme.css permite tabela rolável <=700px. Módulos locais detectados: max-width: 600px, max-width: 900px, max-width: 480px.","Código AdminChrome: foco visível, Escape, Tab cíclico no drawer móvel e retorno de foco; teclado da página varia por módulo e só é comprovado quando a suíte/fonte da evidência assim diz.",AdminGate: checking/error/forbidden/ready; loading; empty; error; denied; success; retry,src/app/admin/comercial/page.tsx; src/app/layout.tsx (RootLayout),tests/admin-page-gates.test.mjs (contrato estático de 39 role arrays + exceções; não renderiza a rota); tests/ux-crm-vocabulary.test.mjs; tests/ux-crm-workspace.integration.test.mjs,docs/ux-03b-evidencias/desktop-comercial.png + mobile-comercial.png,— (nenhuma validação manual específica desta rota registrada nesta matriz),"Não documentado para esta rota; nenhuma aprovação humana inferida. README registra aprovação geral de conceitos visuais, não aceite por rota/estado.","Captura(s)/teste(s) cobrem apenas os cenários/vp indicados nos documentos; faltam cobertura completa por papel, dia/noite, 320/390/768/1440px, estados e leitor de tela. Sem aceite humano por rota."
/admin/compliance,src/app/admin/compliance/page.tsx,Administração — compliance,"marcelo, admin, ti","AdminGate allowedRoles=marcelo, admin, ti; envelope visual apenas; grants/contratos são decisão do servidor.",src/app/layout.tsx (RootLayout),page export: CompliancePage; ComplianceWorkspace; UiState; UiBadge; AdminGate; BrandLogo; AdminThemeToggle; AdminChrome; PublishedTheme (RootLayout),"Source marker(s) demo, exemplo; static hint only, not runtime dataset proof.",Código: RootLayout importa admin-theme.css; página/componente declara data-admin-theme-scope e AdminThemeToggle quando aplicável. Preferência localStorage dia/noite; sem validação visual por rota.,"Código compartilhado AdminChrome: drawer <=900px, compactação <=480px; admin-theme.css permite tabela rolável <=700px. Módulos locais detectados: max-width: 600px, max-width: 900px, max-width: 480px.","Código AdminChrome: foco visível, Escape, Tab cíclico no drawer móvel e retorno de foco; teclado da página varia por módulo e só é comprovado quando a suíte/fonte da evidência assim diz.",AdminGate: checking/error/forbidden/ready; UiState component referenced; loading; empty; error; denied; success; retry; busy,src/app/admin/compliance/page.tsx; src/app/layout.tsx (RootLayout),tests/admin-page-gates.test.mjs (contrato estático de 39 role arrays + exceções; não renderiza a rota); tests/ux-compliance-vocabulary.test.mjs; tests/ux-compliance-workspace.integration.test.mjs,docs/ux-07-compliance-evidencias/desktop-compliance.png + mobile-compliance.png (1440×900 / 390×844),— (nenhuma validação manual específica desta rota registrada nesta matriz),"Não documentado para esta rota; nenhuma aprovação humana inferida. README registra aprovação geral de conceitos visuais, não aceite por rota/estado.","Captura(s)/teste(s) cobrem apenas os cenários/vp indicados nos documentos; faltam cobertura completa por papel, dia/noite, 320/390/768/1440px, estados e leitor de tela. Sem aceite humano por rota."
/admin/conhecimento,src/app/admin/conhecimento/page.tsx,Administração — conhecimento/RAG,"marcelo, admin, ti","AdminGate allowedRoles=marcelo, admin, ti; envelope visual apenas; grants/contratos são decisão do servidor.",src/app/layout.tsx (RootLayout),page export: KnowledgePage; KnowledgeWorkspace; UiBadge; UiState; AdminGate; BrandLogo; AdminThemeToggle; AdminChrome; PublishedTheme (RootLayout),"Source marker(s) demo; static hint only, not runtime dataset proof.",Código: RootLayout importa admin-theme.css; página/componente declara data-admin-theme-scope e AdminThemeToggle quando aplicável. Preferência localStorage dia/noite; sem validação visual por rota.,"Código compartilhado AdminChrome: drawer <=900px, compactação <=480px; admin-theme.css permite tabela rolável <=700px. Módulos locais detectados: max-width: 600px, max-width: 900px, max-width: 480px.","Código AdminChrome: foco visível, Escape, Tab cíclico no drawer móvel e retorno de foco; teclado da página varia por módulo e só é comprovado quando a suíte/fonte da evidência assim diz.",AdminGate: checking/error/forbidden/ready; UiState component referenced; loading; empty; error; denied; success; retry,src/app/admin/conhecimento/page.tsx; src/app/layout.tsx (RootLayout),tests/admin-page-gates.test.mjs (contrato estático de 39 role arrays + exceções; não renderiza a rota); tests/ux-knowledge-vocabulary.test.mjs; tests/ux-knowledge-workspace.integration.test.mjs,docs/ux-07-conhecimento-evidencias/desktop-conhecimento.png + mobile-conhecimento.png (1440×900 / 390×844),— (nenhuma validação manual específica desta rota registrada nesta matriz),"Não documentado para esta rota; nenhuma aprovação humana inferida. README registra aprovação geral de conceitos visuais, não aceite por rota/estado.","Captura(s)/teste(s) cobrem apenas os cenários/vp indicados nos documentos; faltam cobertura completa por papel, dia/noite, 320/390/768/1440px, estados e leitor de tela. Sem aceite humano por rota."
/admin/continuidade,src/app/admin/continuidade/page.tsx,Administração — continuidade,"admin, ti, marcelo, operacao, supervisor","AdminGate allowedRoles=admin, ti, marcelo, operacao, supervisor; envelope visual apenas; grants/contratos são decisão do servidor.",src/app/layout.tsx (RootLayout),page export: Page; AdminGate; BrandLogo; AdminThemeToggle; ContinuityWorkspace; UiState; UiBadge; AdminChrome; PublishedTheme (RootLayout),"Source marker(s) demo; static hint only, not runtime dataset proof.",Código: RootLayout importa admin-theme.css; página/componente declara data-admin-theme-scope e AdminThemeToggle quando aplicável. Preferência localStorage dia/noite; sem validação visual por rota.,"Código compartilhado AdminChrome: drawer <=900px, compactação <=480px; admin-theme.css permite tabela rolável <=700px. Módulos locais detectados: max-width: 900px, max-width: 480px, max-width: 600px.","Código AdminChrome: foco visível, Escape, Tab cíclico no drawer móvel e retorno de foco; teclado da página varia por módulo e só é comprovado quando a suíte/fonte da evidência assim diz.",AdminGate: checking/error/forbidden/ready; UiState component referenced; loading; empty; error; denied; success; retry; busy,src/app/admin/continuidade/page.tsx; src/app/layout.tsx (RootLayout),tests/admin-page-gates.test.mjs (contrato estático de 39 role arrays + exceções; não renderiza a rota); tests/ux-continuity-vocabulary.test.mjs; tests/ux-continuity-workspace.integration.test.mjs,docs/ux-11-continuidade-evidencias/desktop-continuidade.png + mobile-continuidade.png (1440×900 / 390×844),— (nenhuma validação manual específica desta rota registrada nesta matriz),"Não documentado para esta rota; nenhuma aprovação humana inferida. README registra aprovação geral de conceitos visuais, não aceite por rota/estado.","Captura(s)/teste(s) cobrem apenas os cenários/vp indicados nos documentos; faltam cobertura completa por papel, dia/noite, 320/390/768/1440px, estados e leitor de tela. Sem aceite humano por rota."
/admin/contratos,src/app/admin/contratos/page.tsx,Administração — contratos,"marcelo, admin, comercial","AdminGate allowedRoles=marcelo, admin, comercial; envelope visual apenas; grants/contratos são decisão do servidor.",src/app/layout.tsx (RootLayout),page export: ContractsPage; ContractWorkspace; UiBadge; UiState; AdminGate; BrandLogo; AdminThemeToggle; AdminChrome; PublishedTheme (RootLayout),"Source marker(s) demo; static hint only, not runtime dataset proof.",Código: RootLayout importa admin-theme.css; página/componente declara data-admin-theme-scope e AdminThemeToggle quando aplicável. Preferência localStorage dia/noite; sem validação visual por rota.,"Código compartilhado AdminChrome: drawer <=900px, compactação <=480px; admin-theme.css permite tabela rolável <=700px. Módulos locais detectados: max-width: 600px, max-width: 900px, max-width: 480px.","Código AdminChrome: foco visível, Escape, Tab cíclico no drawer móvel e retorno de foco; teclado da página varia por módulo e só é comprovado quando a suíte/fonte da evidência assim diz.",AdminGate: checking/error/forbidden/ready; UiState component referenced; loading; empty; error; denied; success; retry; busy,src/app/admin/contratos/page.tsx; src/app/layout.tsx (RootLayout),tests/admin-page-gates.test.mjs (contrato estático de 39 role arrays + exceções; não renderiza a rota); tests/ux-contract-workspace.integration.test.mjs,docs/ux-07-contratos-evidencias/desktop-contratos.png + mobile-contratos.png (1440×900 / 390×844),— (nenhuma validação manual específica desta rota registrada nesta matriz),"Não documentado para esta rota; nenhuma aprovação humana inferida. README registra aprovação geral de conceitos visuais, não aceite por rota/estado.","Captura(s)/teste(s) cobrem apenas os cenários/vp indicados nos documentos; faltam cobertura completa por papel, dia/noite, 320/390/768/1440px, estados e leitor de tela. Sem aceite humano por rota."
/admin/contratos/[id],src/app/admin/contratos/[id]/page.tsx,Administração — contratos (detalhe dinâmico),"marcelo, admin, comercial","AdminGate allowedRoles=marcelo, admin, comercial; envelope visual apenas; grants/contratos são decisão do servidor.",src/app/layout.tsx (RootLayout),page export: default export; AdminGate; BrandLogo; AdminThemeToggle; ContractWorkflowClient; UiBadge; UiState; AdminChrome; PublishedTheme (RootLayout),"Source marker(s) demo, exemplo; static hint only, not runtime dataset proof.",Código: RootLayout importa admin-theme.css; página/componente declara data-admin-theme-scope e AdminThemeToggle quando aplicável. Preferência localStorage dia/noite; sem validação visual por rota.,"Código compartilhado AdminChrome: drawer <=900px, compactação <=480px; admin-theme.css permite tabela rolável <=700px. Módulos locais detectados: max-width: 900px, max-width: 480px, max-width: 600px.","Código AdminChrome: foco visível, Escape, Tab cíclico no drawer móvel e retorno de foco; teclado da página varia por módulo e só é comprovado quando a suíte/fonte da evidência assim diz.",AdminGate: checking/error/forbidden/ready; UiState component referenced; loading; empty; error; denied; success; retry,src/app/admin/contratos/[id]/page.tsx; src/app/layout.tsx (RootLayout),tests/admin-page-gates.test.mjs (contrato estático de 39 role arrays + exceções; não renderiza a rota); tests/ux-contract-workspace.integration.test.mjs,— (nenhuma captura visual por rota encontrada na evidência mapeada),— (nenhuma validação manual específica desta rota registrada nesta matriz),"Não documentado para esta rota; nenhuma aprovação humana inferida. README registra aprovação geral de conceitos visuais, não aceite por rota/estado.","Sem captura visual específica listada; tema dia/noite, 320/390/768/1440px, teclado e todos os estados não estão cobertos por esta linha. Nenhum aceite humano por rota foi localizado."
/admin/convite,src/app/admin/convite/page.tsx,Administração — convite de equipe,— (sem lista local),Aceite por token; sem sessão/allowedRoles na página; validação do convite é do servidor.,src/app/layout.tsx (RootLayout),page export: AdminConvitePage; PublishedTheme (RootLayout),API/helper reference in route + direct components; dataset not queried in this inventory.,"RootLayout importa admin-theme.css, mas o caminho de renderização escaneado não prova data-admin-theme-scope; dia/noite nesta rota não confirmado.",Breakpoint de página não demonstrado pelo inventário estático.,Não há validação de teclado específica para esta rota identificada nesta matriz.,loading; error,src/app/admin/convite/page.tsx; src/app/layout.tsx (RootLayout),tests/admin-page-gates.test.mjs (contrato estático de 39 role arrays + exceções; não renderiza a rota); tests/staff-auth.integration.test.mjs,— (nenhuma captura visual por rota encontrada na evidência mapeada),— (nenhuma validação manual específica desta rota registrada nesta matriz),"Não documentado para esta rota; nenhuma aprovação humana inferida. README registra aprovação geral de conceitos visuais, não aceite por rota/estado.","Sem captura visual específica listada; tema dia/noite, 320/390/768/1440px, teclado e todos os estados não estão cobertos por esta linha. Nenhum aceite humano por rota foi localizado."
/admin/crm,src/app/admin/crm/page.tsx,Administração — CRM,"comercial, marcelo, admin, ti","AdminGate allowedRoles=comercial, marcelo, admin, ti; envelope visual apenas; grants/contratos são decisão do servidor.",src/app/layout.tsx (RootLayout),page export: CrmPage; OpportunitySummary; OpportunityTasks; OpportunityInteractions; OpportunityVisits; OpportunityNotes; MyAgenda; MyDelegatedTasks; CadenceClient; ContactManager; UnitManager; ImportDedupReview; AdminGate; BrandLogo; AdminThemeToggle; UiState; AdminChrome; PublishedTheme (RootLayout),"Source marker(s) demo, preview, prévia, exemplo; static hint only, not runtime dataset proof.",Código: RootLayout importa admin-theme.css; página/componente declara data-admin-theme-scope e AdminThemeToggle quando aplicável. Preferência localStorage dia/noite; sem validação visual por rota.,"Código compartilhado AdminChrome: drawer <=900px, compactação <=480px; admin-theme.css permite tabela rolável <=700px. Módulos locais detectados: max-width: 1100px, max-width: 600px, max-width: 900px, max-width: 480px.","Código AdminChrome: foco visível, Escape, Tab cíclico no drawer móvel e retorno de foco; teclado da página varia por módulo e só é comprovado quando a suíte/fonte da evidência assim diz.",AdminGate: checking/error/forbidden/ready; UiState component referenced; loading; empty; error; denied; success; retry; busy,src/app/admin/crm/page.tsx; src/app/layout.tsx (RootLayout),tests/admin-page-gates.test.mjs (contrato estático de 39 role arrays + exceções; não renderiza a rota); tests/ux-crm-vocabulary.test.mjs; tests/ux-crm-workspace.integration.test.mjs,"docs/ux-00-evidencias/desktop-crm.png + mobile-crm.png (baseline 05/10); docs/ux-03-evidencias/desktop-crm.png + mobile-crm.png; docs/ux-03b-evidencias/desktop-crm.png, mobile-crm.png, desktop-crm-detalhe.png, mobile-crm-detalhe.png, desktop-crm-falha.png, desktop-crm-negado.png","docs/AUDITORIA-INTERFACE-ROTAS-2026-10-08.md: manual focal review of CRM at narrow viewport; limited to the scope described there, not a full-route or acceptance review.","Não documentado para esta rota; nenhuma aprovação humana inferida. README registra aprovação geral de conceitos visuais, não aceite por rota/estado.","Captura(s)/teste(s) cobrem apenas os cenários/vp indicados nos documentos; faltam cobertura completa por papel, dia/noite, 320/390/768/1440px, estados e leitor de tela. Sem aceite humano por rota."
/admin/emergencial,src/app/admin/emergencial/page.tsx,Administração — apoio emergencial,"ti, admin","AdminGate allowedRoles=ti, admin; envelope visual apenas; grants/contratos são decisão do servidor.",src/app/layout.tsx (RootLayout),page export: EmergencyAdminPage; AdminGate; BrandLogo; AdminThemeToggle; EmergencyWorkspace; UiTaskWorkspace; AdminChrome; PublishedTheme (RootLayout),"Source marker(s) demo; static hint only, not runtime dataset proof.",Código: RootLayout importa admin-theme.css; página/componente declara data-admin-theme-scope e AdminThemeToggle quando aplicável. Preferência localStorage dia/noite; sem validação visual por rota.,"Código compartilhado AdminChrome: drawer <=900px, compactação <=480px; admin-theme.css permite tabela rolável <=700px. Módulos locais detectados: max-width: 900px, max-width: 480px, max-width:700px.","Código AdminChrome: foco visível, Escape, Tab cíclico no drawer móvel e retorno de foco; teclado da página varia por módulo e só é comprovado quando a suíte/fonte da evidência assim diz.",AdminGate: checking/error/forbidden/ready; loading; empty; error; denied; retry,src/app/admin/emergencial/page.tsx; src/app/layout.tsx (RootLayout),tests/admin-page-gates.test.mjs (contrato estático de 39 role arrays + exceções; não renderiza a rota); tests/ext15-emergency.integration.test.mjs,— (nenhuma captura visual por rota encontrada na evidência mapeada),— (nenhuma validação manual específica desta rota registrada nesta matriz),"Não documentado para esta rota; nenhuma aprovação humana inferida. README registra aprovação geral de conceitos visuais, não aceite por rota/estado.","Sem captura visual específica listada; tema dia/noite, 320/390/768/1440px, teclado e todos os estados não estão cobertos por esta linha. Nenhum aceite humano por rota foi localizado."
/admin/entrar,src/app/admin/entrar/page.tsx,Administração — entrada staff,— (sem lista local),Login staff; AdminGate intencionalmente ausente; autenticação via endpoint.,src/app/layout.tsx (RootLayout),page export: AdminEntryPage; AdminLoginClient; BrandLogo; UiField; AdminThemeToggle; PublishedTheme (RootLayout),API/helper reference in route + direct components; dataset not queried in this inventory.,Código: RootLayout importa admin-theme.css; página/componente declara data-admin-theme-scope e AdminThemeToggle quando aplicável. Preferência localStorage dia/noite; sem validação visual por rota.,"Breakpoint de página não demonstrado pelo inventário estático. Módulos locais detectados: max-width: 900px, max-width: 480px.",Não há validação de teclado específica para esta rota identificada nesta matriz.,loading; error; busy,src/app/admin/entrar/page.tsx; src/app/layout.tsx (RootLayout),tests/admin-page-gates.test.mjs (contrato estático de 39 role arrays + exceções; não renderiza a rota); tests/admin-entry.integration.test.mjs; tests/admin-entry.test.mjs,— (nenhuma captura visual por rota encontrada na evidência mapeada),— (nenhuma validação manual específica desta rota registrada nesta matriz),"Não documentado para esta rota; nenhuma aprovação humana inferida. README registra aprovação geral de conceitos visuais, não aceite por rota/estado.","Sem captura visual específica listada; tema dia/noite, 320/390/768/1440px, teclado e todos os estados não estão cobertos por esta linha. Nenhum aceite humano por rota foi localizado."
/admin/expansao,src/app/admin/expansao/page.tsx,Administração — expansão,"comercial, financeiro, marcelo, admin, ti","AdminGate allowedRoles=comercial, financeiro, marcelo, admin, ti; envelope visual apenas; grants/contratos são decisão do servidor.",src/app/layout.tsx (RootLayout),page export: AdminExpansaoPage; ExpansionWorkspace; UiState; UiBadge; AdminGate; BrandLogo; AdminThemeToggle; AdminChrome; PublishedTheme (RootLayout),"Source marker(s) demo, exemplo; static hint only, not runtime dataset proof.",Código: RootLayout importa admin-theme.css; página/componente declara data-admin-theme-scope e AdminThemeToggle quando aplicável. Preferência localStorage dia/noite; sem validação visual por rota.,"Código compartilhado AdminChrome: drawer <=900px, compactação <=480px; admin-theme.css permite tabela rolável <=700px. Módulos locais detectados: max-width: 600px, max-width: 900px, max-width: 480px.","Código AdminChrome: foco visível, Escape, Tab cíclico no drawer móvel e retorno de foco; teclado da página varia por módulo e só é comprovado quando a suíte/fonte da evidência assim diz.",AdminGate: checking/error/forbidden/ready; UiState component referenced; loading; empty; error; denied; success; retry; busy,src/app/admin/expansao/page.tsx; src/app/layout.tsx (RootLayout),tests/admin-page-gates.test.mjs (contrato estático de 39 role arrays + exceções; não renderiza a rota); tests/ux-expansion-vocabulary.test.mjs; tests/ux-expansion-workspace.integration.test.mjs,docs/ux-10-expansao-evidencias/desktop-expansao.png + mobile-expansao.png (1440×900 / 390×844),— (nenhuma validação manual específica desta rota registrada nesta matriz),"Não documentado para esta rota; nenhuma aprovação humana inferida. README registra aprovação geral de conceitos visuais, não aceite por rota/estado.","Captura(s)/teste(s) cobrem apenas os cenários/vp indicados nos documentos; faltam cobertura completa por papel, dia/noite, 320/390/768/1440px, estados e leitor de tela. Sem aceite humano por rota."
/admin/financeiro,src/app/admin/financeiro/page.tsx,Administração — financeiro,"financeiro, marcelo, admin, ti","AdminGate allowedRoles=financeiro, marcelo, admin, ti; envelope visual apenas; grants/contratos são decisão do servidor.",src/app/layout.tsx (RootLayout),page export: FinanceiroPage; FinanceiroWorkspace; BankReconciliationWorkspace; CollectionWorkspace; CashflowWorkspace; CostAllocationWorkspace; ManagementResultsWorkspace; ExpenseWorkspace; FiscalWorkspace; GatewayWorkspace; BudgetWorkspace; ExportWorkspace; ClosureWorkspace; CommissionWorkspace; UiState; UiBadge; AdminGate; BrandLogo; AdminThemeToggle; AdminChrome; PublishedTheme (RootLayout),"Source marker(s) demo, preview; static hint only, not runtime dataset proof.",Código: RootLayout importa admin-theme.css; página/componente declara data-admin-theme-scope e AdminThemeToggle quando aplicável. Preferência localStorage dia/noite; sem validação visual por rota.,"Código compartilhado AdminChrome: drawer <=900px, compactação <=480px; admin-theme.css permite tabela rolável <=700px. Módulos locais detectados: max-width: 600px, max-width: 900px, max-width: 480px.","Código AdminChrome: foco visível, Escape, Tab cíclico no drawer móvel e retorno de foco; teclado da página varia por módulo e só é comprovado quando a suíte/fonte da evidência assim diz.",AdminGate: checking/error/forbidden/ready; UiState component referenced; loading; empty; error; denied; success; retry; busy,src/app/admin/financeiro/page.tsx; src/app/layout.tsx (RootLayout),tests/admin-page-gates.test.mjs (contrato estático de 39 role arrays + exceções; não renderiza a rota); tests/ux-finance-workspace.integration.test.mjs,docs/ux-07-financeiro-evidencias/desktop-financeiro.png + mobile-financeiro.png (1440×900 / 390×844),— (nenhuma validação manual específica desta rota registrada nesta matriz),"Não documentado para esta rota; nenhuma aprovação humana inferida. README registra aprovação geral de conceitos visuais, não aceite por rota/estado.","Captura(s)/teste(s) cobrem apenas os cenários/vp indicados nos documentos; faltam cobertura completa por papel, dia/noite, 320/390/768/1440px, estados e leitor de tela. Sem aceite humano por rota."
/admin/fornecedores,src/app/admin/fornecedores/page.tsx,Administração — fornecedores,"marcelo, admin, ti","AdminGate allowedRoles=marcelo, admin, ti; envelope visual apenas; grants/contratos são decisão do servidor.",src/app/layout.tsx (RootLayout),page export: FornecedoresPage; FornecedoresWorkspace; AdminGate; BrandLogo; AdminThemeToggle; AdminChrome; PublishedTheme (RootLayout),"Source marker(s) demo; static hint only, not runtime dataset proof.",Código: RootLayout importa admin-theme.css; página/componente declara data-admin-theme-scope e AdminThemeToggle quando aplicável. Preferência localStorage dia/noite; sem validação visual por rota.,"Código compartilhado AdminChrome: drawer <=900px, compactação <=480px; admin-theme.css permite tabela rolável <=700px. Módulos locais detectados: max-width: 900px, max-width: 480px.","Código AdminChrome: foco visível, Escape, Tab cíclico no drawer móvel e retorno de foco; teclado da página varia por módulo e só é comprovado quando a suíte/fonte da evidência assim diz.",AdminGate: checking/error/forbidden/ready; loading; empty; error; denied; retry; busy,src/app/admin/fornecedores/page.tsx; src/app/layout.tsx (RootLayout),tests/admin-page-gates.test.mjs (contrato estático de 39 role arrays + exceções; não renderiza a rota); tests/ux-supplier-workspace.integration.test.mjs,docs/ux-09-fornecedores-evidencias/desktop-fornecedores.png + mobile-fornecedores.png (1440×900 / 390×844),— (nenhuma validação manual específica desta rota registrada nesta matriz),"Não documentado para esta rota; nenhuma aprovação humana inferida. README registra aprovação geral de conceitos visuais, não aceite por rota/estado.","Captura(s)/teste(s) cobrem apenas os cenários/vp indicados nos documentos; faltam cobertura completa por papel, dia/noite, 320/390/768/1440px, estados e leitor de tela. Sem aceite humano por rota."
/admin/frota,src/app/admin/frota/page.tsx,Administração — frota,"marcelo, admin, ti","AdminGate allowedRoles=marcelo, admin, ti; envelope visual apenas; grants/contratos são decisão do servidor.",src/app/layout.tsx (RootLayout),page export: FrotaPage; FrotaWorkspace; UiState; UiBadge; AdminGate; BrandLogo; AdminThemeToggle; AdminChrome; PublishedTheme (RootLayout),"Source marker(s) demo; static hint only, not runtime dataset proof.",Código: RootLayout importa admin-theme.css; página/componente declara data-admin-theme-scope e AdminThemeToggle quando aplicável. Preferência localStorage dia/noite; sem validação visual por rota.,"Código compartilhado AdminChrome: drawer <=900px, compactação <=480px; admin-theme.css permite tabela rolável <=700px. Módulos locais detectados: max-width: 600px, max-width: 900px, max-width: 480px.","Código AdminChrome: foco visível, Escape, Tab cíclico no drawer móvel e retorno de foco; teclado da página varia por módulo e só é comprovado quando a suíte/fonte da evidência assim diz.",AdminGate: checking/error/forbidden/ready; UiState component referenced; loading; empty; error; denied; success; retry; busy,src/app/admin/frota/page.tsx; src/app/layout.tsx (RootLayout),tests/admin-page-gates.test.mjs (contrato estático de 39 role arrays + exceções; não renderiza a rota); tests/ux-fleet-vocabulary.test.mjs; tests/ux-fleet-workspace.integration.test.mjs,docs/ux-07-frota-evidencias/desktop-frota.png + mobile-frota.png (1440×900 / 390×844),— (nenhuma validação manual específica desta rota registrada nesta matriz),"Não documentado para esta rota; nenhuma aprovação humana inferida. README registra aprovação geral de conceitos visuais, não aceite por rota/estado.","Captura(s)/teste(s) cobrem apenas os cenários/vp indicados nos documentos; faltam cobertura completa por papel, dia/noite, 320/390/768/1440px, estados e leitor de tela. Sem aceite humano por rota."
/admin/funcionarios,src/app/admin/funcionarios/page.tsx,Administração — RH/funcionários,"rh, marcelo, admin, ti","AdminGate allowedRoles=rh, marcelo, admin, ti; envelope visual apenas; grants/contratos são decisão do servidor.",src/app/layout.tsx (RootLayout),page export: AdminFuncionariosPage; AdminGate; BrandLogo; AdminThemeToggle; RhWorkspace; HrClient; HrRecruitmentClient; HrTerminationClient; HrAbsenceClient; HrBenefitsClient; HrTrainingClient; HrAdvancedClient; TimeCorrectionReviews; UiState; UiBadge; AdminChrome; PublishedTheme (RootLayout),"Source marker(s) demo, demonstr, exemplo; static hint only, not runtime dataset proof.",Código: RootLayout importa admin-theme.css; página/componente declara data-admin-theme-scope e AdminThemeToggle quando aplicável. Preferência localStorage dia/noite; sem validação visual por rota.,"Código compartilhado AdminChrome: drawer <=900px, compactação <=480px; admin-theme.css permite tabela rolável <=700px. Módulos locais detectados: max-width: 900px, max-width: 480px, max-width: 600px.","Código AdminChrome: foco visível, Escape, Tab cíclico no drawer móvel e retorno de foco; teclado da página varia por módulo e só é comprovado quando a suíte/fonte da evidência assim diz.",AdminGate: checking/error/forbidden/ready; UiState component referenced; loading; empty; error; denied; success; retry; busy,src/app/admin/funcionarios/page.tsx; src/app/layout.tsx (RootLayout),tests/admin-page-gates.test.mjs (contrato estático de 39 role arrays + exceções; não renderiza a rota); tests/ux-hr-workspace.integration.test.mjs,docs/ux-00-evidencias/desktop-rh-com-papel-rh.png (baseline 05/10); docs/ux-04-evidencias/desktop-rh.png + mobile-rh.png (1440×900 / 390×844; see UX-04 report),— (nenhuma validação manual específica desta rota registrada nesta matriz),"Não documentado para esta rota; nenhuma aprovação humana inferida. README registra aprovação geral de conceitos visuais, não aceite por rota/estado.","Captura(s)/teste(s) cobrem apenas os cenários/vp indicados nos documentos; faltam cobertura completa por papel, dia/noite, 320/390/768/1440px, estados e leitor de tela. Sem aceite humano por rota."
/admin/inteligencia,src/app/admin/inteligencia/page.tsx,Administração — inteligência comercial,"ti, admin","AdminGate allowedRoles=ti, admin; envelope visual apenas; grants/contratos são decisão do servidor.",src/app/layout.tsx (RootLayout),page export: IntelAdminPage; AdminGate; BrandLogo; AdminThemeToggle; IntelWorkspace; UiState; AdminChrome; PublishedTheme (RootLayout),"Source marker(s) demo; static hint only, not runtime dataset proof.",Código: RootLayout importa admin-theme.css; página/componente declara data-admin-theme-scope e AdminThemeToggle quando aplicável. Preferência localStorage dia/noite; sem validação visual por rota.,"Código compartilhado AdminChrome: drawer <=900px, compactação <=480px; admin-theme.css permite tabela rolável <=700px. Módulos locais detectados: max-width: 900px, max-width: 480px, max-width: 600px.","Código AdminChrome: foco visível, Escape, Tab cíclico no drawer móvel e retorno de foco; teclado da página varia por módulo e só é comprovado quando a suíte/fonte da evidência assim diz.",AdminGate: checking/error/forbidden/ready; UiState component referenced; loading; empty; error; denied; success; retry,src/app/admin/inteligencia/page.tsx; src/app/layout.tsx (RootLayout),tests/admin-page-gates.test.mjs (contrato estático de 39 role arrays + exceções; não renderiza a rota); tests/ux-intel-vocabulary.test.mjs; tests/ux-intel-workspace.integration.test.mjs,docs/ux-07-inteligencia-comercial-evidencias/desktop-inteligencia-comercial.png + mobile-inteligencia-comercial.png (1440×900 / 390×844),— (nenhuma validação manual específica desta rota registrada nesta matriz),"Não documentado para esta rota; nenhuma aprovação humana inferida. README registra aprovação geral de conceitos visuais, não aceite por rota/estado.","Captura(s)/teste(s) cobrem apenas os cenários/vp indicados nos documentos; faltam cobertura completa por papel, dia/noite, 320/390/768/1440px, estados e leitor de tela. Sem aceite humano por rota."
/admin/leads,src/app/admin/leads/page.tsx,Administração — pedidos/leads,"comercial, marcelo, admin, ti","AdminGate allowedRoles=comercial, marcelo, admin, ti; envelope visual apenas; grants/contratos são decisão do servidor.",src/app/layout.tsx (RootLayout),page export: LeadAdminPage; UiTaskWorkspace; AdminGate; BrandLogo; AdminThemeToggle; OriginMetricsPanel; AdminChrome; PublishedTheme (RootLayout),"Source marker(s) demo, prévia; static hint only, not runtime dataset proof.",Código: RootLayout importa admin-theme.css; página/componente declara data-admin-theme-scope e AdminThemeToggle quando aplicável. Preferência localStorage dia/noite; sem validação visual por rota.,"Código compartilhado AdminChrome: drawer <=900px, compactação <=480px; admin-theme.css permite tabela rolável <=700px. Módulos locais detectados: max-width:650px, max-width:700px, max-width: 900px, max-width: 480px.","Código AdminChrome: foco visível, Escape, Tab cíclico no drawer móvel e retorno de foco; teclado da página varia por módulo e só é comprovado quando a suíte/fonte da evidência assim diz.",AdminGate: checking/error/forbidden/ready; loading; empty; error; denied; success; retry; busy,src/app/admin/leads/page.tsx; src/app/layout.tsx (RootLayout),tests/admin-page-gates.test.mjs (contrato estático de 39 role arrays + exceções; não renderiza a rota); tests/lead-flow.integration.test.mjs; tests/l04-delivery.integration.test.mjs,— (nenhuma captura visual por rota encontrada na evidência mapeada),— (nenhuma validação manual específica desta rota registrada nesta matriz),"Não documentado para esta rota; nenhuma aprovação humana inferida. README registra aprovação geral de conceitos visuais, não aceite por rota/estado.","Sem captura visual específica listada; tema dia/noite, 320/390/768/1440px, teclado e todos os estados não estão cobertos por esta linha. Nenhum aceite humano por rota foi localizado."
/admin/licitacoes,src/app/admin/licitacoes/page.tsx,Administração — licitações,"marcelo, admin, ti","AdminGate allowedRoles=marcelo, admin, ti; envelope visual apenas; grants/contratos são decisão do servidor.",src/app/layout.tsx (RootLayout),page export: LicitacoesPage; LicitacoesWorkspace; UiState; AdminGate; BrandLogo; AdminThemeToggle; AdminChrome; PublishedTheme (RootLayout),"Source marker(s) demo; static hint only, not runtime dataset proof.",Código: RootLayout importa admin-theme.css; página/componente declara data-admin-theme-scope e AdminThemeToggle quando aplicável. Preferência localStorage dia/noite; sem validação visual por rota.,"Código compartilhado AdminChrome: drawer <=900px, compactação <=480px; admin-theme.css permite tabela rolável <=700px. Módulos locais detectados: max-width: 600px, max-width: 900px, max-width: 480px.","Código AdminChrome: foco visível, Escape, Tab cíclico no drawer móvel e retorno de foco; teclado da página varia por módulo e só é comprovado quando a suíte/fonte da evidência assim diz.",AdminGate: checking/error/forbidden/ready; UiState component referenced; loading; empty; error; denied; success; retry; busy,src/app/admin/licitacoes/page.tsx; src/app/layout.tsx (RootLayout),tests/admin-page-gates.test.mjs (contrato estático de 39 role arrays + exceções; não renderiza a rota); tests/ux-bidding-vocabulary.test.mjs; tests/ux-bidding-workspace.integration.test.mjs,docs/ux-08-licitacoes-evidencias/desktop-licitacoes.png + mobile-licitacoes.png (1440×900 / 390×844),— (nenhuma validação manual específica desta rota registrada nesta matriz),"Não documentado para esta rota; nenhuma aprovação humana inferida. README registra aprovação geral de conceitos visuais, não aceite por rota/estado.","Captura(s)/teste(s) cobrem apenas os cenários/vp indicados nos documentos; faltam cobertura completa por papel, dia/noite, 320/390/768/1440px, estados e leitor de tela. Sem aceite humano por rota."
/admin/marcelo,src/app/admin/marcelo/page.tsx,Administração — painel Marcelo,"marcelo, admin, ti","AdminGate allowedRoles=marcelo, admin, ti; envelope visual apenas; grants/contratos são decisão do servidor.",src/app/layout.tsx (RootLayout),page export: MarceloDashboardPage; AdminGate; BrandLogo; AdminThemeToggle; MarceloPanel; UiState; UiBadge; AdminChrome; PublishedTheme (RootLayout),"Source marker(s) demo; static hint only, not runtime dataset proof.",Código: RootLayout importa admin-theme.css; página/componente declara data-admin-theme-scope e AdminThemeToggle quando aplicável. Preferência localStorage dia/noite; sem validação visual por rota.,"Código compartilhado AdminChrome: drawer <=900px, compactação <=480px; admin-theme.css permite tabela rolável <=700px. Módulos locais detectados: max-width: 900px, max-width: 480px, max-width: 600px, max-width: 760px, max-width: 520px.","Código AdminChrome: foco visível, Escape, Tab cíclico no drawer móvel e retorno de foco; teclado da página varia por módulo e só é comprovado quando a suíte/fonte da evidência assim diz.",AdminGate: checking/error/forbidden/ready; UiState component referenced; loading; empty; error; denied; success; retry,src/app/admin/marcelo/page.tsx; src/app/layout.tsx (RootLayout),tests/admin-page-gates.test.mjs (contrato estático de 39 role arrays + exceções; não renderiza a rota); tests/ux-adm-vocabulary.test.mjs; tests/ux-adm-panel.integration.test.mjs,docs/ux-05-evidencias/desktop-marcelo.png + mobile-marcelo.png (1440×900 / 390×844),— (nenhuma validação manual específica desta rota registrada nesta matriz),"Não documentado para esta rota; nenhuma aprovação humana inferida. README registra aprovação geral de conceitos visuais, não aceite por rota/estado.","Captura(s)/teste(s) cobrem apenas os cenários/vp indicados nos documentos; faltam cobertura completa por papel, dia/noite, 320/390/768/1440px, estados e leitor de tela. Sem aceite humano por rota."
/admin/marcelo/assistente,src/app/admin/marcelo/assistente/page.tsx,Administração — assistente Marcelo/RAG,"marcelo, admin","AdminGate allowedRoles=marcelo, admin; envelope visual apenas; grants/contratos são decisão do servidor.",src/app/layout.tsx (RootLayout),page export: MarceloAssistentePage; UiTaskWorkspace; RagWidget; AdminGate; BrandLogo; AdminThemeToggle; AdminChrome; PublishedTheme (RootLayout),"Source marker(s) demo, prévia; static hint only, not runtime dataset proof.",Código: RootLayout importa admin-theme.css; página/componente declara data-admin-theme-scope e AdminThemeToggle quando aplicável. Preferência localStorage dia/noite; sem validação visual por rota.,"Código compartilhado AdminChrome: drawer <=900px, compactação <=480px; admin-theme.css permite tabela rolável <=700px. Módulos locais detectados: max-width:700px, max-width: 900px, max-width: 480px.","Código AdminChrome: foco visível, Escape, Tab cíclico no drawer móvel e retorno de foco; teclado da página varia por módulo e só é comprovado quando a suíte/fonte da evidência assim diz.",AdminGate: checking/error/forbidden/ready; loading; empty; error; denied; retry; busy,src/app/admin/marcelo/assistente/page.tsx; src/app/layout.tsx (RootLayout),tests/admin-page-gates.test.mjs (contrato estático de 39 role arrays + exceções; não renderiza a rota); tests/ai-rag-widget.integration.test.mjs,docs/fech-01-assistentes-evidencias/desktop-marcelo-resposta.png (1440×900; synthetic gate),— (nenhuma validação manual específica desta rota registrada nesta matriz),"Não documentado para esta rota; nenhuma aprovação humana inferida. README registra aprovação geral de conceitos visuais, não aceite por rota/estado.","Captura(s)/teste(s) cobrem apenas os cenários/vp indicados nos documentos; faltam cobertura completa por papel, dia/noite, 320/390/768/1440px, estados e leitor de tela. Sem aceite humano por rota."
/admin/operacao,src/app/admin/operacao/page.tsx,Administração — operação,"supervisor, marcelo, admin, ti","AdminGate allowedRoles=supervisor, marcelo, admin, ti; envelope visual apenas; grants/contratos são decisão do servidor.",src/app/layout.tsx (RootLayout),page export: OperacaoPage; OperacaoWorkspace; OpsAdvanced2Client; OpsAdvanced3Client; UiState; UiBadge; AdminGate; BrandLogo; AdminThemeToggle; AdminChrome; PublishedTheme (RootLayout),"Source marker(s) demo, simulad; static hint only, not runtime dataset proof.",Código: RootLayout importa admin-theme.css; página/componente declara data-admin-theme-scope e AdminThemeToggle quando aplicável. Preferência localStorage dia/noite; sem validação visual por rota.,"Código compartilhado AdminChrome: drawer <=900px, compactação <=480px; admin-theme.css permite tabela rolável <=700px. Módulos locais detectados: max-width: 600px, max-width: 900px, max-width: 480px.","Código AdminChrome: foco visível, Escape, Tab cíclico no drawer móvel e retorno de foco; teclado da página varia por módulo e só é comprovado quando a suíte/fonte da evidência assim diz.",AdminGate: checking/error/forbidden/ready; UiState component referenced; loading; empty; error; denied; success; retry,src/app/admin/operacao/page.tsx; src/app/layout.tsx (RootLayout),tests/admin-page-gates.test.mjs (contrato estático de 39 role arrays + exceções; não renderiza a rota); tests/ux-ops-workspace.integration.test.mjs,— (nenhuma captura visual por rota encontrada na evidência mapeada),— (nenhuma validação manual específica desta rota registrada nesta matriz),"Não documentado para esta rota; nenhuma aprovação humana inferida. README registra aprovação geral de conceitos visuais, não aceite por rota/estado.","Sem captura visual específica listada; tema dia/noite, 320/390/768/1440px, teclado e todos os estados não estão cobertos por esta linha. Nenhum aceite humano por rota foi localizado."
/admin/patrimonio,src/app/admin/patrimonio/page.tsx,Administração — patrimônio,"supervisor, marcelo, admin, ti","AdminGate allowedRoles=supervisor, marcelo, admin, ti; envelope visual apenas; grants/contratos são decisão do servidor.",src/app/layout.tsx (RootLayout),page export: PatrimonioPage; PatrimonioWorkspace; UiTaskWorkspace; UiTableScroll; AdminGate; BrandLogo; AdminThemeToggle; AdminChrome; PublishedTheme (RootLayout),"Source marker(s) demo; static hint only, not runtime dataset proof.",Código: RootLayout importa admin-theme.css; página/componente declara data-admin-theme-scope e AdminThemeToggle quando aplicável. Preferência localStorage dia/noite; sem validação visual por rota.,"Código compartilhado AdminChrome: drawer <=900px, compactação <=480px; admin-theme.css permite tabela rolável <=700px. Módulos locais detectados: max-width:700px, max-width: 900px, max-width: 480px.","Código AdminChrome: foco visível, Escape, Tab cíclico no drawer móvel e retorno de foco; teclado da página varia por módulo e só é comprovado quando a suíte/fonte da evidência assim diz.",AdminGate: checking/error/forbidden/ready; loading; empty; error; denied; retry,src/app/admin/patrimonio/page.tsx; src/app/layout.tsx (RootLayout),tests/admin-page-gates.test.mjs (contrato estático de 39 role arrays + exceções; não renderiza a rota),— (nenhuma captura visual por rota encontrada na evidência mapeada),— (nenhuma validação manual específica desta rota registrada nesta matriz),"Não documentado para esta rota; nenhuma aprovação humana inferida. README registra aprovação geral de conceitos visuais, não aceite por rota/estado.","Sem captura visual específica listada; tema dia/noite, 320/390/768/1440px, teclado e todos os estados não estão cobertos por esta linha. Nenhum aceite humano por rota foi localizado."
/admin/pendencias,src/app/admin/pendencias/page.tsx,Administração — pendências,"admin, ti, marcelo, operacao, supervisor, rh, financeiro, comercial","AdminGate allowedRoles=admin, ti, marcelo, operacao, supervisor, rh, financeiro, comercial; envelope visual apenas; grants/contratos são decisão do servidor.",src/app/layout.tsx (RootLayout),page export: Page; AdminGate; BrandLogo; AdminThemeToggle; PendencyWorkspace; AdminChrome; PublishedTheme (RootLayout),"Source marker(s) demo; static hint only, not runtime dataset proof.",Código: RootLayout importa admin-theme.css; página/componente declara data-admin-theme-scope e AdminThemeToggle quando aplicável. Preferência localStorage dia/noite; sem validação visual por rota.,"Código compartilhado AdminChrome: drawer <=900px, compactação <=480px; admin-theme.css permite tabela rolável <=700px. Módulos locais detectados: max-width: 900px, max-width: 480px.","Código AdminChrome: foco visível, Escape, Tab cíclico no drawer móvel e retorno de foco; teclado da página varia por módulo e só é comprovado quando a suíte/fonte da evidência assim diz.",AdminGate: checking/error/forbidden/ready; loading; empty; error; denied; success; retry; busy,src/app/admin/pendencias/page.tsx; src/app/layout.tsx (RootLayout),tests/admin-page-gates.test.mjs (contrato estático de 39 role arrays + exceções; não renderiza a rota),— (nenhuma captura visual por rota encontrada na evidência mapeada),— (nenhuma validação manual específica desta rota registrada nesta matriz),"Não documentado para esta rota; nenhuma aprovação humana inferida. README registra aprovação geral de conceitos visuais, não aceite por rota/estado.","Sem captura visual específica listada; tema dia/noite, 320/390/768/1440px, teclado e todos os estados não estão cobertos por esta linha. Nenhum aceite humano por rota foi localizado."
/admin/portal,src/app/admin/portal/page.tsx,Administração — modos de acesso (protótipo),"ti, admin","AdminGate allowedRoles=ti, admin; envelope visual apenas; grants/contratos são decisão do servidor.",src/app/layout.tsx (RootLayout),page export: PortalAccessAdminPage; UiTaskWorkspace; AdminGate; BrandLogo; AdminThemeToggle; AdminChrome; PublishedTheme (RootLayout),"Source marker(s) demo, demonstr, preview, prévia; static hint only, not runtime dataset proof.",Código: RootLayout importa admin-theme.css; página/componente declara data-admin-theme-scope e AdminThemeToggle quando aplicável. Preferência localStorage dia/noite; sem validação visual por rota.,"Código compartilhado AdminChrome: drawer <=900px, compactação <=480px; admin-theme.css permite tabela rolável <=700px. Módulos locais detectados: max-width:800px, max-width:460px, max-width:700px, max-width: 900px, max-width: 480px.","Código AdminChrome: foco visível, Escape, Tab cíclico no drawer móvel e retorno de foco; teclado da página varia por módulo e só é comprovado quando a suíte/fonte da evidência assim diz.",AdminGate: checking/error/forbidden/ready; loading; empty; error; denied; retry,src/app/admin/portal/page.tsx; src/app/layout.tsx (RootLayout),tests/admin-page-gates.test.mjs (contrato estático de 39 role arrays + exceções; não renderiza a rota),— (nenhuma captura visual por rota encontrada na evidência mapeada),— (nenhuma validação manual específica desta rota registrada nesta matriz),"Não documentado para esta rota; nenhuma aprovação humana inferida. README registra aprovação geral de conceitos visuais, não aceite por rota/estado.","Sem captura visual específica listada; tema dia/noite, 320/390/768/1440px, teclado e todos os estados não estão cobertos por esta linha. Nenhum aceite humano por rota foi localizado."
/admin/portal/alertas,src/app/admin/portal/alertas/page.tsx,Administração — alertas do portal,"ti, admin","AdminGate allowedRoles=ti, admin; envelope visual apenas; grants/contratos são decisão do servidor.",src/app/layout.tsx (RootLayout),page export: SecurityAlertsPreviewPage; AdminGate; BrandLogo; AdminThemeToggle; AdminChrome; PublishedTheme (RootLayout),"Source marker(s) demo, demonstr, preview, prévia, exemplo; static hint only, not runtime dataset proof.",Código: RootLayout importa admin-theme.css; página/componente declara data-admin-theme-scope e AdminThemeToggle quando aplicável. Preferência localStorage dia/noite; sem validação visual por rota.,"Código compartilhado AdminChrome: drawer <=900px, compactação <=480px; admin-theme.css permite tabela rolável <=700px. Módulos locais detectados: max-width:700px, max-width:440px, max-width: 900px, max-width: 480px.","Código AdminChrome: foco visível, Escape, Tab cíclico no drawer móvel e retorno de foco; teclado da página varia por módulo e só é comprovado quando a suíte/fonte da evidência assim diz.",AdminGate: checking/error/forbidden/ready; loading; empty; error; denied; retry,src/app/admin/portal/alertas/page.tsx; src/app/layout.tsx (RootLayout),tests/admin-page-gates.test.mjs (contrato estático de 39 role arrays + exceções; não renderiza a rota),— (nenhuma captura visual por rota encontrada na evidência mapeada),— (nenhuma validação manual específica desta rota registrada nesta matriz),"Não documentado para esta rota; nenhuma aprovação humana inferida. README registra aprovação geral de conceitos visuais, não aceite por rota/estado.","Sem captura visual específica listada; tema dia/noite, 320/390/768/1440px, teclado e todos os estados não estão cobertos por esta linha. Nenhum aceite humano por rota foi localizado."
/admin/portal/autocadastro,src/app/admin/portal/autocadastro/page.tsx,Administração — prévia de autocadastro,"ti, admin","AdminGate allowedRoles=ti, admin; envelope visual apenas; grants/contratos são decisão do servidor.",src/app/layout.tsx (RootLayout),page export: SelfRegistrationPreviewPage; AdminGate; BrandLogo; AdminThemeToggle; AdminChrome; PublishedTheme (RootLayout),"Source marker(s) demo, demonstr, preview, prévia, simulad; static hint only, not runtime dataset proof.",Código: RootLayout importa admin-theme.css; página/componente declara data-admin-theme-scope e AdminThemeToggle quando aplicável. Preferência localStorage dia/noite; sem validação visual por rota.,"Código compartilhado AdminChrome: drawer <=900px, compactação <=480px; admin-theme.css permite tabela rolável <=700px. Módulos locais detectados: max-width:740px, max-width:480px, max-width: 900px, max-width: 480px.","Código AdminChrome: foco visível, Escape, Tab cíclico no drawer móvel e retorno de foco; teclado da página varia por módulo e só é comprovado quando a suíte/fonte da evidência assim diz.",AdminGate: checking/error/forbidden/ready; loading; empty; error; denied; retry,src/app/admin/portal/autocadastro/page.tsx; src/app/layout.tsx (RootLayout),tests/admin-page-gates.test.mjs (contrato estático de 39 role arrays + exceções; não renderiza a rota),— (nenhuma captura visual por rota encontrada na evidência mapeada),— (nenhuma validação manual específica desta rota registrada nesta matriz),"Não documentado para esta rota; nenhuma aprovação humana inferida. README registra aprovação geral de conceitos visuais, não aceite por rota/estado.","Sem captura visual específica listada; tema dia/noite, 320/390/768/1440px, teclado e todos os estados não estão cobertos por esta linha. Nenhum aceite humano por rota foi localizado."
/admin/portal/convites,src/app/admin/portal/convites/page.tsx,Administração — prévia de convite,"ti, admin","AdminGate allowedRoles=ti, admin; envelope visual apenas; grants/contratos são decisão do servidor.",src/app/layout.tsx (RootLayout),page export: InvitationFlowPreviewPage; AdminGate; BrandLogo; AdminThemeToggle; AdminChrome; PublishedTheme (RootLayout),"Source marker(s) demo, demonstr, preview, prévia, exemplo, simulad; static hint only, not runtime dataset proof.",Código: RootLayout importa admin-theme.css; página/componente declara data-admin-theme-scope e AdminThemeToggle quando aplicável. Preferência localStorage dia/noite; sem validação visual por rota.,"Código compartilhado AdminChrome: drawer <=900px, compactação <=480px; admin-theme.css permite tabela rolável <=700px. Módulos locais detectados: max-width:720px, max-width:440px, max-width: 900px, max-width: 480px.","Código AdminChrome: foco visível, Escape, Tab cíclico no drawer móvel e retorno de foco; teclado da página varia por módulo e só é comprovado quando a suíte/fonte da evidência assim diz.",AdminGate: checking/error/forbidden/ready; loading; empty; error; denied; retry,src/app/admin/portal/convites/page.tsx; src/app/layout.tsx (RootLayout),tests/admin-page-gates.test.mjs (contrato estático de 39 role arrays + exceções; não renderiza a rota),— (nenhuma captura visual por rota encontrada na evidência mapeada),— (nenhuma validação manual específica desta rota registrada nesta matriz),"Não documentado para esta rota; nenhuma aprovação humana inferida. README registra aprovação geral de conceitos visuais, não aceite por rota/estado.","Sem captura visual específica listada; tema dia/noite, 320/390/768/1440px, teclado e todos os estados não estão cobertos por esta linha. Nenhum aceite humano por rota foi localizado."
/admin/portal/permissoes,src/app/admin/portal/permissoes/page.tsx,Administração — prévia de permissões,"ti, admin","AdminGate allowedRoles=ti, admin; envelope visual apenas; grants/contratos são decisão do servidor.",src/app/layout.tsx (RootLayout),page export: ReminderPermissionsPage; AdminGate; BrandLogo; AdminThemeToggle; AdminChrome; PublishedTheme (RootLayout),"Source marker(s) demo, demonstr, preview, prévia, simulad; static hint only, not runtime dataset proof.",Código: RootLayout importa admin-theme.css; página/componente declara data-admin-theme-scope e AdminThemeToggle quando aplicável. Preferência localStorage dia/noite; sem validação visual por rota.,"Código compartilhado AdminChrome: drawer <=900px, compactação <=480px; admin-theme.css permite tabela rolável <=700px. Módulos locais detectados: max-width:740px, max-width:440px, max-width: 900px, max-width: 480px.","Código AdminChrome: foco visível, Escape, Tab cíclico no drawer móvel e retorno de foco; teclado da página varia por módulo e só é comprovado quando a suíte/fonte da evidência assim diz.",AdminGate: checking/error/forbidden/ready; loading; empty; error; denied; success; retry,src/app/admin/portal/permissoes/page.tsx; src/app/layout.tsx (RootLayout),tests/admin-page-gates.test.mjs (contrato estático de 39 role arrays + exceções; não renderiza a rota),— (nenhuma captura visual por rota encontrada na evidência mapeada),— (nenhuma validação manual específica desta rota registrada nesta matriz),"Não documentado para esta rota; nenhuma aprovação humana inferida. README registra aprovação geral de conceitos visuais, não aceite por rota/estado.","Sem captura visual específica listada; tema dia/noite, 320/390/768/1440px, teclado e todos os estados não estão cobertos por esta linha. Nenhum aceite humano por rota foi localizado."
/admin/portal/solicitacoes,src/app/admin/portal/solicitacoes/page.tsx,Administração — prévia de solicitações,"ti, admin","AdminGate allowedRoles=ti, admin; envelope visual apenas; grants/contratos são decisão do servidor.",src/app/layout.tsx (RootLayout),page export: PortalAccessRequestsPage; AdminGate; BrandLogo; AdminThemeToggle; AdminChrome; PublishedTheme (RootLayout),"Source marker(s) demo; static hint only, not runtime dataset proof.",Código: RootLayout importa admin-theme.css; página/componente declara data-admin-theme-scope e AdminThemeToggle quando aplicável. Preferência localStorage dia/noite; sem validação visual por rota.,"Código compartilhado AdminChrome: drawer <=900px, compactação <=480px; admin-theme.css permite tabela rolável <=700px. Módulos locais detectados: max-width:740px, max-width:480px, max-width: 900px, max-width: 480px.","Código AdminChrome: foco visível, Escape, Tab cíclico no drawer móvel e retorno de foco; teclado da página varia por módulo e só é comprovado quando a suíte/fonte da evidência assim diz.",AdminGate: checking/error/forbidden/ready; loading; empty; error; denied; retry,src/app/admin/portal/solicitacoes/page.tsx; src/app/layout.tsx (RootLayout),tests/admin-page-gates.test.mjs (contrato estático de 39 role arrays + exceções; não renderiza a rota),— (nenhuma captura visual por rota encontrada na evidência mapeada),— (nenhuma validação manual específica desta rota registrada nesta matriz),"Não documentado para esta rota; nenhuma aprovação humana inferida. README registra aprovação geral de conceitos visuais, não aceite por rota/estado.","Sem captura visual específica listada; tema dia/noite, 320/390/768/1440px, teclado e todos os estados não estão cobertos por esta linha. Nenhum aceite humano por rota foi localizado."
/admin/publicacao,src/app/admin/publicacao/page.tsx,Administração — publicação,"marcelo, ti, comercial, admin","AdminGate allowedRoles=marcelo, ti, comercial, admin; envelope visual apenas; grants/contratos são decisão do servidor.",src/app/layout.tsx (RootLayout),page export: Page; AdminGate; BrandLogo; AdminThemeToggle; PublicationClient; AdminChrome; PublishedTheme (RootLayout),"Source marker(s) demo, preview, prévia; static hint only, not runtime dataset proof.",Código: RootLayout importa admin-theme.css; página/componente declara data-admin-theme-scope e AdminThemeToggle quando aplicável. Preferência localStorage dia/noite; sem validação visual por rota.,"Código compartilhado AdminChrome: drawer <=900px, compactação <=480px; admin-theme.css permite tabela rolável <=700px. Módulos locais detectados: max-width: 900px, max-width: 480px.","Código AdminChrome: foco visível, Escape, Tab cíclico no drawer móvel e retorno de foco; teclado da página varia por módulo e só é comprovado quando a suíte/fonte da evidência assim diz.",AdminGate: checking/error/forbidden/ready; loading; empty; error; denied; success; retry; busy,src/app/admin/publicacao/page.tsx; src/app/layout.tsx (RootLayout),tests/admin-page-gates.test.mjs (contrato estático de 39 role arrays + exceções; não renderiza a rota); tests/l04-delivery.integration.test.mjs,— (nenhuma captura visual por rota encontrada na evidência mapeada),— (nenhuma validação manual específica desta rota registrada nesta matriz),"Não documentado para esta rota; nenhuma aprovação humana inferida. README registra aprovação geral de conceitos visuais, não aceite por rota/estado.","Sem captura visual específica listada; tema dia/noite, 320/390/768/1440px, teclado e todos os estados não estão cobertos por esta linha. Nenhum aceite humano por rota foi localizado."
/admin/qualidade,src/app/admin/qualidade/page.tsx,Administração — qualidade,"marcelo, admin, ti","AdminGate allowedRoles=marcelo, admin, ti; envelope visual apenas; grants/contratos são decisão do servidor.",src/app/layout.tsx (RootLayout),page export: QualidadePage; QualidadeWorkspace; UiState; UiBadge; AdminGate; BrandLogo; AdminThemeToggle; AdminChrome; PublishedTheme (RootLayout),"Source marker(s) demo, exemplo; static hint only, not runtime dataset proof.",Código: RootLayout importa admin-theme.css; página/componente declara data-admin-theme-scope e AdminThemeToggle quando aplicável. Preferência localStorage dia/noite; sem validação visual por rota.,"Código compartilhado AdminChrome: drawer <=900px, compactação <=480px; admin-theme.css permite tabela rolável <=700px. Módulos locais detectados: max-width: 600px, max-width: 900px, max-width: 480px.","Código AdminChrome: foco visível, Escape, Tab cíclico no drawer móvel e retorno de foco; teclado da página varia por módulo e só é comprovado quando a suíte/fonte da evidência assim diz.",AdminGate: checking/error/forbidden/ready; UiState component referenced; loading; empty; error; denied; success; retry; busy,src/app/admin/qualidade/page.tsx; src/app/layout.tsx (RootLayout),tests/admin-page-gates.test.mjs (contrato estático de 39 role arrays + exceções; não renderiza a rota); tests/ux-quality-vocabulary.test.mjs; tests/ux-quality-workspace.integration.test.mjs,docs/ux-07-qualidade-evidencias/desktop-qualidade.png + mobile-qualidade.png (1440×900 / 390×844),— (nenhuma validação manual específica desta rota registrada nesta matriz),"Não documentado para esta rota; nenhuma aprovação humana inferida. README registra aprovação geral de conceitos visuais, não aceite por rota/estado.","Captura(s)/teste(s) cobrem apenas os cenários/vp indicados nos documentos; faltam cobertura completa por papel, dia/noite, 320/390/768/1440px, estados e leitor de tela. Sem aceite humano por rota."
/admin/relatorios,src/app/admin/relatorios/page.tsx,Administração — relatórios,"ti, admin","AdminGate allowedRoles=ti, admin; envelope visual apenas; grants/contratos são decisão do servidor.",src/app/layout.tsx (RootLayout),page export: ReportsAdminPage; AdminGate; BrandLogo; AdminThemeToggle; ReportsWorkspace; UiTaskWorkspace; AdminChrome; PublishedTheme (RootLayout),"Source marker(s) demo; static hint only, not runtime dataset proof.",Código: RootLayout importa admin-theme.css; página/componente declara data-admin-theme-scope e AdminThemeToggle quando aplicável. Preferência localStorage dia/noite; sem validação visual por rota.,"Código compartilhado AdminChrome: drawer <=900px, compactação <=480px; admin-theme.css permite tabela rolável <=700px. Módulos locais detectados: max-width: 900px, max-width: 480px, max-width:700px.","Código AdminChrome: foco visível, Escape, Tab cíclico no drawer móvel e retorno de foco; teclado da página varia por módulo e só é comprovado quando a suíte/fonte da evidência assim diz.",AdminGate: checking/error/forbidden/ready; loading; empty; error; denied; retry,src/app/admin/relatorios/page.tsx; src/app/layout.tsx (RootLayout),tests/admin-page-gates.test.mjs (contrato estático de 39 role arrays + exceções; não renderiza a rota); tests/ext13-reports.integration.test.mjs,— (nenhuma captura visual por rota encontrada na evidência mapeada),— (nenhuma validação manual específica desta rota registrada nesta matriz),"Não documentado para esta rota; nenhuma aprovação humana inferida. README registra aprovação geral de conceitos visuais, não aceite por rota/estado.","Sem captura visual específica listada; tema dia/noite, 320/390/768/1440px, teclado e todos os estados não estão cobertos por esta linha. Nenhum aceite humano por rota foi localizado."
/admin/rh/assistente,src/app/admin/rh/assistente/page.tsx,Administração — assistente RH/RAG,"rh, admin","AdminGate allowedRoles=rh, admin; envelope visual apenas; grants/contratos são decisão do servidor.",src/app/layout.tsx (RootLayout),page export: RhAssistentePage; AiRagClient; UiTaskWorkspace; UiTableScroll; RagWidget; AdminGate; BrandLogo; AdminThemeToggle; AdminChrome; PublishedTheme (RootLayout),"Source marker(s) demo, demonstr, prévia, exemplo; static hint only, not runtime dataset proof.",Código: RootLayout importa admin-theme.css; página/componente declara data-admin-theme-scope e AdminThemeToggle quando aplicável. Preferência localStorage dia/noite; sem validação visual por rota.,"Código compartilhado AdminChrome: drawer <=900px, compactação <=480px; admin-theme.css permite tabela rolável <=700px. Módulos locais detectados: max-width:700px, max-width: 900px, max-width: 480px.","Código AdminChrome: foco visível, Escape, Tab cíclico no drawer móvel e retorno de foco; teclado da página varia por módulo e só é comprovado quando a suíte/fonte da evidência assim diz.",AdminGate: checking/error/forbidden/ready; loading; empty; error; denied; success; retry; busy,src/app/admin/rh/assistente/page.tsx; src/app/layout.tsx (RootLayout),tests/admin-page-gates.test.mjs (contrato estático de 39 role arrays + exceções; não renderiza a rota); tests/ai-rag-widget.integration.test.mjs,docs/fech-01-assistentes-evidencias/desktop-rh-resposta-com-fonte.png (1440×900; synthetic gate),— (nenhuma validação manual específica desta rota registrada nesta matriz),"Não documentado para esta rota; nenhuma aprovação humana inferida. README registra aprovação geral de conceitos visuais, não aceite por rota/estado.","Captura(s)/teste(s) cobrem apenas os cenários/vp indicados nos documentos; faltam cobertura completa por papel, dia/noite, 320/390/768/1440px, estados e leitor de tela. Sem aceite humano por rota."
/admin/satisfacao,src/app/admin/satisfacao/page.tsx,Administração — satisfação,"marcelo, admin, ti","AdminGate allowedRoles=marcelo, admin, ti; envelope visual apenas; grants/contratos são decisão do servidor.",src/app/layout.tsx (RootLayout),page export: Page; SatisfacaoWorkspace; UiState; UiBadge; AdminGate; BrandLogo; AdminThemeToggle; AdminChrome; PublishedTheme (RootLayout),"Source marker(s) demo; static hint only, not runtime dataset proof.",Código: RootLayout importa admin-theme.css; página/componente declara data-admin-theme-scope e AdminThemeToggle quando aplicável. Preferência localStorage dia/noite; sem validação visual por rota.,"Código compartilhado AdminChrome: drawer <=900px, compactação <=480px; admin-theme.css permite tabela rolável <=700px. Módulos locais detectados: max-width: 600px, max-width: 900px, max-width: 480px.","Código AdminChrome: foco visível, Escape, Tab cíclico no drawer móvel e retorno de foco; teclado da página varia por módulo e só é comprovado quando a suíte/fonte da evidência assim diz.",AdminGate: checking/error/forbidden/ready; UiState component referenced; loading; empty; error; denied; success; retry; busy,src/app/admin/satisfacao/page.tsx; src/app/layout.tsx (RootLayout),tests/admin-page-gates.test.mjs (contrato estático de 39 role arrays + exceções; não renderiza a rota); tests/ux-satisfaction-vocabulary.test.mjs; tests/ux-satisfaction-workspace.integration.test.mjs,docs/ux-07-satisfacao-evidencias/desktop-satisfacao.png + mobile-satisfacao.png (1440×900 / 390×844),— (nenhuma validação manual específica desta rota registrada nesta matriz),"Não documentado para esta rota; nenhuma aprovação humana inferida. README registra aprovação geral de conceitos visuais, não aceite por rota/estado.","Captura(s)/teste(s) cobrem apenas os cenários/vp indicados nos documentos; faltam cobertura completa por papel, dia/noite, 320/390/768/1440px, estados e leitor de tela. Sem aceite humano por rota."
/admin/tema,src/app/admin/tema/page.tsx,Administração — tema/aparência,"marcelo, ti, admin","AdminGate allowedRoles=marcelo, ti, admin; envelope visual apenas; grants/contratos são decisão do servidor.",src/app/layout.tsx (RootLayout),page export: Page; AdminGate; BrandLogo; AdminThemeToggle; PublicationClient; AdminChrome; PublishedTheme (RootLayout),"Source marker(s) demo, preview, prévia; static hint only, not runtime dataset proof.",Código: RootLayout importa admin-theme.css; página/componente declara data-admin-theme-scope e AdminThemeToggle quando aplicável. Preferência localStorage dia/noite; sem validação visual por rota.,"Código compartilhado AdminChrome: drawer <=900px, compactação <=480px; admin-theme.css permite tabela rolável <=700px. Módulos locais detectados: max-width: 900px, max-width: 480px.","Código AdminChrome: foco visível, Escape, Tab cíclico no drawer móvel e retorno de foco; teclado da página varia por módulo e só é comprovado quando a suíte/fonte da evidência assim diz.",AdminGate: checking/error/forbidden/ready; loading; empty; error; denied; success; retry; busy,src/app/admin/tema/page.tsx; src/app/layout.tsx (RootLayout),tests/admin-page-gates.test.mjs (contrato estático de 39 role arrays + exceções; não renderiza a rota),— (nenhuma captura visual por rota encontrada na evidência mapeada),— (nenhuma validação manual específica desta rota registrada nesta matriz),"Não documentado para esta rota; nenhuma aprovação humana inferida. README registra aprovação geral de conceitos visuais, não aceite por rota/estado.","Sem captura visual específica listada; tema dia/noite, 320/390/768/1440px, teclado e todos os estados não estão cobertos por esta linha. Nenhum aceite humano por rota foi localizado."
/admin/terceiros,src/app/admin/terceiros/page.tsx,Administração — terceiros,"marcelo, admin, ti","AdminGate allowedRoles=marcelo, admin, ti; envelope visual apenas; grants/contratos são decisão do servidor.",src/app/layout.tsx (RootLayout),page export: TerceirosPage; TerceirosWorkspace; UiState; UiBadge; AdminGate; BrandLogo; AdminThemeToggle; AdminChrome; PublishedTheme (RootLayout),"Source marker(s) demo; static hint only, not runtime dataset proof.",Código: RootLayout importa admin-theme.css; página/componente declara data-admin-theme-scope e AdminThemeToggle quando aplicável. Preferência localStorage dia/noite; sem validação visual por rota.,"Código compartilhado AdminChrome: drawer <=900px, compactação <=480px; admin-theme.css permite tabela rolável <=700px. Módulos locais detectados: max-width: 600px, max-width: 900px, max-width: 480px.","Código AdminChrome: foco visível, Escape, Tab cíclico no drawer móvel e retorno de foco; teclado da página varia por módulo e só é comprovado quando a suíte/fonte da evidência assim diz.",AdminGate: checking/error/forbidden/ready; UiState component referenced; loading; empty; error; denied; success; retry; busy,src/app/admin/terceiros/page.tsx; src/app/layout.tsx (RootLayout),tests/admin-page-gates.test.mjs (contrato estático de 39 role arrays + exceções; não renderiza a rota); tests/ux-third-party-vocabulary.test.mjs; tests/ux-third-party-workspace.integration.test.mjs,docs/ux-07-terceiros-evidencias/desktop-terceiros.png + mobile-terceiros.png (1440×900 / 390×844),— (nenhuma validação manual específica desta rota registrada nesta matriz),"Não documentado para esta rota; nenhuma aprovação humana inferida. README registra aprovação geral de conceitos visuais, não aceite por rota/estado.","Captura(s)/teste(s) cobrem apenas os cenários/vp indicados nos documentos; faltam cobertura completa por papel, dia/noite, 320/390/768/1440px, estados e leitor de tela. Sem aceite humano por rota."
/admin/ti,src/app/admin/ti/page.tsx,Administração — TI/console,"ti, admin","AdminGate allowedRoles=ti, admin; envelope visual apenas; grants/contratos são decisão do servidor.",src/app/layout.tsx (RootLayout),page export: TiAdminPage; AdminGate; BrandLogo; AdminThemeToggle; TiConsole; UiTaskWorkspace; AdminChrome; PublishedTheme (RootLayout),"Source marker(s) demo; static hint only, not runtime dataset proof.",Código: RootLayout importa admin-theme.css; página/componente declara data-admin-theme-scope e AdminThemeToggle quando aplicável. Preferência localStorage dia/noite; sem validação visual por rota.,"Código compartilhado AdminChrome: drawer <=900px, compactação <=480px; admin-theme.css permite tabela rolável <=700px. Módulos locais detectados: max-width: 900px, max-width: 480px, max-width:1000px, max-width:520px, max-width:700px.","Código AdminChrome: foco visível, Escape, Tab cíclico no drawer móvel e retorno de foco; teclado da página varia por módulo e só é comprovado quando a suíte/fonte da evidência assim diz.",AdminGate: checking/error/forbidden/ready; loading; empty; error; denied; retry,src/app/admin/ti/page.tsx; src/app/layout.tsx (RootLayout),tests/admin-page-gates.test.mjs (contrato estático de 39 role arrays + exceções; não renderiza a rota); tests/ai-rag-widget.integration.test.mjs,docs/ux-00-evidencias/desktop-ti.png (baseline 05/10); docs/evidencias/identidade-2026-10-07/ti-desktop.png (gallery/temporary-route review; context in identity report),— (nenhuma validação manual específica desta rota registrada nesta matriz),"Não documentado para esta rota; nenhuma aprovação humana inferida. README registra aprovação geral de conceitos visuais, não aceite por rota/estado.","Captura(s)/teste(s) cobrem apenas os cenários/vp indicados nos documentos; faltam cobertura completa por papel, dia/noite, 320/390/768/1440px, estados e leitor de tela. Sem aceite humano por rota."
/admin/verificacao-manual,src/app/admin/verificacao-manual/page.tsx,Administração — verificação manual de identidade,— (sem lista local),Página sem allowedRoles; consulta/autorização do endpoint exige conta individual TI segundo texto/código da página.,src/app/layout.tsx (RootLayout),page export: ManualVerificationPage; AdminThemeToggle; PublishedTheme (RootLayout),API/helper reference in route + direct components; dataset not queried in this inventory.,Código: RootLayout importa admin-theme.css; página/componente declara data-admin-theme-scope e AdminThemeToggle quando aplicável. Preferência localStorage dia/noite; sem validação visual por rota.,Breakpoint de página não demonstrado pelo inventário estático.,Não há validação de teclado específica para esta rota identificada nesta matriz.,loading; error; denied; retry; busy,src/app/admin/verificacao-manual/page.tsx; src/app/layout.tsx (RootLayout),tests/admin-page-gates.test.mjs (contrato estático de 39 role arrays + exceções; não renderiza a rota); tests/client-manual-approval-guards.test.mjs,— (nenhuma captura visual por rota encontrada na evidência mapeada),— (nenhuma validação manual específica desta rota registrada nesta matriz),"Não documentado para esta rota; nenhuma aprovação humana inferida. README registra aprovação geral de conceitos visuais, não aceite por rota/estado.","Sem captura visual específica listada; tema dia/noite, 320/390/768/1440px, teclado e todos os estados não estão cobertos por esta linha. Nenhum aceite humano por rota foi localizado."
/admin/visual,src/app/admin/visual/page.tsx,Administração — redirecionamento legado para aparência,— (sem lista local),"Compatibilidade: redirect para /admin/aparencia; a rota de destino tem AdminGate [admin, marcelo, ti].",src/app/layout.tsx (RootLayout),page export: LegacyVisualRoute; redirect → /admin/aparencia; PublishedTheme (RootLayout),No demo marker or direct API helper detected in route + first-level components; data provenance not inferred.,Esta page só redireciona; a página de destino /admin/aparencia usa AdminGate/escopo diurno-noturno. Sem renderização própria.,Breakpoint de página não demonstrado pelo inventário estático.,Não há validação de teclado específica para esta rota identificada nesta matriz.,No state marker detected in scanned source (not a runtime inventory),src/app/admin/visual/page.tsx; src/app/layout.tsx (RootLayout),tests/admin-page-gates.test.mjs (verifica o redirect legado; não renderiza a rota),— (nenhuma captura visual por rota encontrada na evidência mapeada),— (nenhuma validação manual específica desta rota registrada nesta matriz),"Não documentado para esta rota; nenhuma aprovação humana inferida. README registra aprovação geral de conceitos visuais, não aceite por rota/estado.","Sem captura visual específica listada; tema dia/noite, 320/390/768/1440px, teclado e todos os estados não estão cobertos por esta linha. Nenhum aceite humano por rota foi localizado."
/cliente,src/app/cliente/page.tsx,Portal do cliente — página informativa/entrada,— (sem lista local),Sem papel declarado; rota pública/prévia por código. Não implica autorização para endpoints.,src/app/layout.tsx (RootLayout),page export: ClientPortalPage; BrandLogo; PublishedTheme (RootLayout),"Source marker(s) preview, prévia; static hint only, not runtime dataset proof.",RootLayout/PublishedTheme e CSS público do escopo; não herda automaticamente o tema staff. Tema por rota não validado.,"Breakpoint de página não demonstrado pelo inventário estático. Módulos locais detectados: max-width:760px, max-width:430px.",Não há validação de teclado específica para esta rota identificada nesta matriz.,No state marker detected in scanned source (not a runtime inventory),src/app/cliente/page.tsx; src/app/layout.tsx (RootLayout),— (nenhuma suíte de interface/rota mapeada nesta matriz; ausência não prova ausência de outros testes indiretos),— (nenhuma captura visual por rota encontrada na evidência mapeada),— (nenhuma validação manual específica desta rota registrada nesta matriz),"Não documentado para esta rota; nenhuma aprovação humana inferida. README registra aprovação geral de conceitos visuais, não aceite por rota/estado.","Sem captura visual específica listada; tema dia/noite, 320/390/768/1440px, teclado e todos os estados não estão cobertos por esta linha. Nenhum aceite humano por rota foi localizado."
/cliente/acesso,src/app/cliente/acesso/page.tsx,Portal do cliente — entrada/informação / acesso,— (sem lista local),Fluxo de autenticação/cliente referenciado no código; sem allowedRoles de staff; servidor decide sessão/grant.,src/app/layout.tsx (RootLayout),page export: ClientAccessPage; PublishedTheme (RootLayout),API/helper reference in route + direct components; dataset not queried in this inventory.,RootLayout/PublishedTheme e CSS público do escopo; não herda automaticamente o tema staff. Tema por rota não validado.,CSS local do portal existe em algumas subrotas; a presença de breakpoints depende do arquivo da linha; sem matriz de tamanhos completa. Módulos locais detectados: max-width:560px.,Não há validação de teclado específica para esta rota identificada nesta matriz.,error; busy,src/app/cliente/acesso/page.tsx; src/app/layout.tsx (RootLayout),— (nenhuma suíte de interface/rota mapeada nesta matriz; ausência não prova ausência de outros testes indiretos),— (nenhuma captura visual por rota encontrada na evidência mapeada),— (nenhuma validação manual específica desta rota registrada nesta matriz),"Não documentado para esta rota; nenhuma aprovação humana inferida. README registra aprovação geral de conceitos visuais, não aceite por rota/estado.","Sem captura visual específica listada; tema dia/noite, 320/390/768/1440px, teclado e todos os estados não estão cobertos por esta linha. Nenhum aceite humano por rota foi localizado."
/cliente/alterar-email,src/app/cliente/alterar-email/page.tsx,Portal do cliente — entrada/informação / alterar-email,— (sem lista local),Sem papéis locais; rota de informação/prévia ou fluxo específico conforme código; não inferir acesso a dados.,src/app/layout.tsx (RootLayout),page export: ChangeEmailPreviewPage; ClientPortalNavigation; PublishedTheme (RootLayout),"Source marker(s) demo, demonstr, preview, prévia, exemplo, simulad; static hint only, not runtime dataset proof.",RootLayout/PublishedTheme e CSS público do escopo; não herda automaticamente o tema staff. Tema por rota não validado.,"CSS local do portal existe em algumas subrotas; a presença de breakpoints depende do arquivo da linha; sem matriz de tamanhos completa. Módulos locais detectados: max-width:560px, max-width:680px.",Não há validação de teclado específica para esta rota identificada nesta matriz.,success,src/app/cliente/alterar-email/page.tsx; src/app/layout.tsx (RootLayout),— (nenhuma suíte de interface/rota mapeada nesta matriz; ausência não prova ausência de outros testes indiretos),— (nenhuma captura visual por rota encontrada na evidência mapeada),— (nenhuma validação manual específica desta rota registrada nesta matriz),"Não documentado para esta rota; nenhuma aprovação humana inferida. README registra aprovação geral de conceitos visuais, não aceite por rota/estado.","Sem captura visual específica listada; tema dia/noite, 320/390/768/1440px, teclado e todos os estados não estão cobertos por esta linha. Nenhum aceite humano por rota foi localizado."
/cliente/app,src/app/cliente/app/page.tsx,Portal do cliente — área autenticada / início,— (sem lista local),Layout real ClientSpaceProvider + APIs: sessão cliente e vínculo/grant; sem lista staff.,src/app/layout.tsx (RootLayout); src/app/cliente/app/layout.tsx (RealAccessShell + ClientSpaceProvider + ClientAppNavigation),page export: ClientAppPage; useClientSpace; UiState; RealAccessShell; ClientSpaceProvider; ClientAppNavigation; PublishedTheme (RootLayout),API/helper reference in route + direct components; dataset not queried in this inventory.,RootLayout/PublishedTheme e CSS público do escopo; não herda automaticamente o tema staff. Tema por rota não validado.,Código compartilhado ClientApp; estilos possuem breakpoint min-width 620px; não é prova de ausência de overflow por tela. Módulos locais detectados: min-width: 620px.,Estrutura nativa + ClientAppNavigation; sem verificação de teclado por todas as subrotas; testes listados só se aplicáveis.,ClientSpaceProvider: loading/ready/error; UiState component referenced; loading; empty; error; denied; success; retry,src/app/cliente/app/page.tsx; src/app/layout.tsx (RootLayout); src/app/cliente/app/layout.tsx (RealAccessShell + ClientSpaceProvider + ClientAppNavigation),tests/ux-portal-workspace.integration.test.mjs; tests/client-space.integration.test.mjs,— (nenhuma captura visual por rota encontrada na evidência mapeada),— (nenhuma validação manual específica desta rota registrada nesta matriz),"Não documentado para esta rota; nenhuma aprovação humana inferida. README registra aprovação geral de conceitos visuais, não aceite por rota/estado.","Sem captura visual específica listada; tema dia/noite, 320/390/768/1440px, teclado e todos os estados não estão cobertos por esta linha. Nenhum aceite humano por rota foi localizado."
/cliente/app/agenda,src/app/cliente/app/agenda/page.tsx,Portal do cliente — área autenticada / agenda,— (sem lista local),Layout real ClientSpaceProvider + APIs: sessão cliente e vínculo/grant; sem lista staff.,src/app/layout.tsx (RootLayout); src/app/cliente/app/layout.tsx (RealAccessShell + ClientSpaceProvider + ClientAppNavigation),page export: ClientAgendaPage; useClientSpace; RealAccessShell; ClientSpaceProvider; ClientAppNavigation; PublishedTheme (RootLayout),API/helper reference in route + direct components; dataset not queried in this inventory.,RootLayout/PublishedTheme e CSS público do escopo; não herda automaticamente o tema staff. Tema por rota não validado.,Código compartilhado ClientApp; estilos possuem breakpoint min-width 620px; não é prova de ausência de overflow por tela. Módulos locais detectados: min-width: 620px.,Estrutura nativa + ClientAppNavigation; sem verificação de teclado por todas as subrotas; testes listados só se aplicáveis.,ClientSpaceProvider: loading/ready/error; loading; error; success; retry; busy,src/app/cliente/app/agenda/page.tsx; src/app/layout.tsx (RootLayout); src/app/cliente/app/layout.tsx (RealAccessShell + ClientSpaceProvider + ClientAppNavigation),— (nenhuma suíte de interface/rota mapeada nesta matriz; ausência não prova ausência de outros testes indiretos),— (nenhuma captura visual por rota encontrada na evidência mapeada),— (nenhuma validação manual específica desta rota registrada nesta matriz),"Não documentado para esta rota; nenhuma aprovação humana inferida. README registra aprovação geral de conceitos visuais, não aceite por rota/estado.","Sem captura visual específica listada; tema dia/noite, 320/390/768/1440px, teclado e todos os estados não estão cobertos por esta linha. Nenhum aceite humano por rota foi localizado."
/cliente/app/assistente,src/app/cliente/app/assistente/page.tsx,Portal do cliente — área autenticada / assistente,— (sem lista local),Layout real ClientSpaceProvider + APIs: sessão cliente e vínculo/grant; sem lista staff.,src/app/layout.tsx (RootLayout); src/app/cliente/app/layout.tsx (RealAccessShell + ClientSpaceProvider + ClientAppNavigation),page export: ClienteAssistentePage; RagWidget; RealAccessShell; ClientSpaceProvider; ClientAppNavigation; PublishedTheme (RootLayout),API/helper reference in route + direct components; dataset not queried in this inventory.,RootLayout/PublishedTheme e CSS público do escopo; não herda automaticamente o tema staff. Tema por rota não validado.,Código compartilhado ClientApp; estilos possuem breakpoint min-width 620px; não é prova de ausência de overflow por tela.,Estrutura nativa + ClientAppNavigation; sem verificação de teclado por todas as subrotas; testes listados só se aplicáveis.,ClientSpaceProvider: loading/ready/error; loading; error; retry; busy,src/app/cliente/app/assistente/page.tsx; src/app/layout.tsx (RootLayout); src/app/cliente/app/layout.tsx (RealAccessShell + ClientSpaceProvider + ClientAppNavigation),tests/ai-rag-widget.integration.test.mjs,docs/fech-01-assistentes-evidencias/mobile-390-cliente-resposta.png (390×844; synthetic gate),— (nenhuma validação manual específica desta rota registrada nesta matriz),"Não documentado para esta rota; nenhuma aprovação humana inferida. README registra aprovação geral de conceitos visuais, não aceite por rota/estado.","Captura(s)/teste(s) cobrem apenas os cenários/vp indicados nos documentos; faltam cobertura completa por papel, dia/noite, 320/390/768/1440px, estados e leitor de tela. Sem aceite humano por rota."
/cliente/app/chamados,src/app/cliente/app/chamados/page.tsx,Portal do cliente — área autenticada / chamados,— (sem lista local),Layout real ClientSpaceProvider + APIs: sessão cliente e vínculo/grant; sem lista staff.,src/app/layout.tsx (RootLayout); src/app/cliente/app/layout.tsx (RealAccessShell + ClientSpaceProvider + ClientAppNavigation),page export: ClientTicketsPage; useClientSpace; RealAccessShell; ClientSpaceProvider; ClientAppNavigation; PublishedTheme (RootLayout),API/helper reference in route + direct components; dataset not queried in this inventory.,RootLayout/PublishedTheme e CSS público do escopo; não herda automaticamente o tema staff. Tema por rota não validado.,Código compartilhado ClientApp; estilos possuem breakpoint min-width 620px; não é prova de ausência de overflow por tela. Módulos locais detectados: min-width: 620px.,Estrutura nativa + ClientAppNavigation; sem verificação de teclado por todas as subrotas; testes listados só se aplicáveis.,ClientSpaceProvider: loading/ready/error; loading; error; denied; success; retry,src/app/cliente/app/chamados/page.tsx; src/app/layout.tsx (RootLayout); src/app/cliente/app/layout.tsx (RealAccessShell + ClientSpaceProvider + ClientAppNavigation),tests/f03-client-ticket-acceptance.integration.test.mjs,— (nenhuma captura visual por rota encontrada na evidência mapeada),— (nenhuma validação manual específica desta rota registrada nesta matriz),"Não documentado para esta rota; nenhuma aprovação humana inferida. README registra aprovação geral de conceitos visuais, não aceite por rota/estado.","Sem captura visual específica listada; tema dia/noite, 320/390/768/1440px, teclado e todos os estados não estão cobertos por esta linha. Nenhum aceite humano por rota foi localizado."
/cliente/app/cobrancas,src/app/cliente/app/cobrancas/page.tsx,Portal do cliente — área autenticada / cobrancas,— (sem lista local),Layout real ClientSpaceProvider + APIs: sessão cliente e vínculo/grant; sem lista staff.,src/app/layout.tsx (RootLayout); src/app/cliente/app/layout.tsx (RealAccessShell + ClientSpaceProvider + ClientAppNavigation),page export: CobrancasPage; useClientSpace; ClientAppNavigation; RealAccessShell; ClientSpaceProvider; PublishedTheme (RootLayout),API/helper reference in route + direct components; dataset not queried in this inventory.,RootLayout/PublishedTheme e CSS público do escopo; não herda automaticamente o tema staff. Tema por rota não validado.,Código compartilhado ClientApp; estilos possuem breakpoint min-width 620px; não é prova de ausência de overflow por tela. Módulos locais detectados: min-width: 620px.,Estrutura nativa + ClientAppNavigation; sem verificação de teclado por todas as subrotas; testes listados só se aplicáveis.,ClientSpaceProvider: loading/ready/error; loading; error; retry,src/app/cliente/app/cobrancas/page.tsx; src/app/layout.tsx (RootLayout); src/app/cliente/app/layout.tsx (RealAccessShell + ClientSpaceProvider + ClientAppNavigation),— (nenhuma suíte de interface/rota mapeada nesta matriz; ausência não prova ausência de outros testes indiretos),— (nenhuma captura visual por rota encontrada na evidência mapeada),— (nenhuma validação manual específica desta rota registrada nesta matriz),"Não documentado para esta rota; nenhuma aprovação humana inferida. README registra aprovação geral de conceitos visuais, não aceite por rota/estado.","Sem captura visual específica listada; tema dia/noite, 320/390/768/1440px, teclado e todos os estados não estão cobertos por esta linha. Nenhum aceite humano por rota foi localizado."
/cliente/app/continuidade,src/app/cliente/app/continuidade/page.tsx,Portal do cliente — área autenticada / continuidade,— (sem lista local),Layout real ClientSpaceProvider + APIs: sessão cliente e vínculo/grant; sem lista staff.,src/app/layout.tsx (RootLayout); src/app/cliente/app/layout.tsx (RealAccessShell + ClientSpaceProvider + ClientAppNavigation),page export: ClientContinuityPage; useClientSpace; RealAccessShell; ClientSpaceProvider; ClientAppNavigation; PublishedTheme (RootLayout),API/helper reference in route + direct components; dataset not queried in this inventory.,RootLayout/PublishedTheme e CSS público do escopo; não herda automaticamente o tema staff. Tema por rota não validado.,Código compartilhado ClientApp; estilos possuem breakpoint min-width 620px; não é prova de ausência de overflow por tela. Módulos locais detectados: min-width: 620px.,Estrutura nativa + ClientAppNavigation; sem verificação de teclado por todas as subrotas; testes listados só se aplicáveis.,ClientSpaceProvider: loading/ready/error; loading; empty; error; denied; retry,src/app/cliente/app/continuidade/page.tsx; src/app/layout.tsx (RootLayout); src/app/cliente/app/layout.tsx (RealAccessShell + ClientSpaceProvider + ClientAppNavigation),tests/ux-continuity-client-portal.integration.test.mjs,docs/ux-11-continuidade-cliente-evidencias/desktop-continuidade-cliente.png + mobile-continuidade-cliente.png; gate-mobile-390px.png and scenario captures (see README),— (nenhuma validação manual específica desta rota registrada nesta matriz),"Não documentado para esta rota; nenhuma aprovação humana inferida. README registra aprovação geral de conceitos visuais, não aceite por rota/estado.","Captura(s)/teste(s) cobrem apenas os cenários/vp indicados nos documentos; faltam cobertura completa por papel, dia/noite, 320/390/768/1440px, estados e leitor de tela. Sem aceite humano por rota."
/cliente/app/contratos,src/app/cliente/app/contratos/page.tsx,Portal do cliente — área autenticada / contratos,— (sem lista local),Layout real ClientSpaceProvider + APIs: sessão cliente e vínculo/grant; sem lista staff.,src/app/layout.tsx (RootLayout); src/app/cliente/app/layout.tsx (RealAccessShell + ClientSpaceProvider + ClientAppNavigation),page export: ClientContractsPage; useClientSpace; RealAccessShell; ClientSpaceProvider; ClientAppNavigation; PublishedTheme (RootLayout),API/helper reference in route + direct components; dataset not queried in this inventory.,RootLayout/PublishedTheme e CSS público do escopo; não herda automaticamente o tema staff. Tema por rota não validado.,Código compartilhado ClientApp; estilos possuem breakpoint min-width 620px; não é prova de ausência de overflow por tela. Módulos locais detectados: min-width: 620px.,Estrutura nativa + ClientAppNavigation; sem verificação de teclado por todas as subrotas; testes listados só se aplicáveis.,ClientSpaceProvider: loading/ready/error; loading; error; retry,src/app/cliente/app/contratos/page.tsx; src/app/layout.tsx (RootLayout); src/app/cliente/app/layout.tsx (RealAccessShell + ClientSpaceProvider + ClientAppNavigation),tests/client-space.integration.test.mjs,— (nenhuma captura visual por rota encontrada na evidência mapeada),— (nenhuma validação manual específica desta rota registrada nesta matriz),"Não documentado para esta rota; nenhuma aprovação humana inferida. README registra aprovação geral de conceitos visuais, não aceite por rota/estado.","Sem captura visual específica listada; tema dia/noite, 320/390/768/1440px, teclado e todos os estados não estão cobertos por esta linha. Nenhum aceite humano por rota foi localizado."
/cliente/app/documentos,src/app/cliente/app/documentos/page.tsx,Portal do cliente — área autenticada / documentos,— (sem lista local),Layout real ClientSpaceProvider + APIs: sessão cliente e vínculo/grant; sem lista staff.,src/app/layout.tsx (RootLayout); src/app/cliente/app/layout.tsx (RealAccessShell + ClientSpaceProvider + ClientAppNavigation),page export: ClientDocumentsPage; useClientSpace; RealAccessShell; ClientSpaceProvider; ClientAppNavigation; PublishedTheme (RootLayout),API/helper reference in route + direct components; dataset not queried in this inventory.,RootLayout/PublishedTheme e CSS público do escopo; não herda automaticamente o tema staff. Tema por rota não validado.,Código compartilhado ClientApp; estilos possuem breakpoint min-width 620px; não é prova de ausência de overflow por tela. Módulos locais detectados: min-width: 620px.,Estrutura nativa + ClientAppNavigation; sem verificação de teclado por todas as subrotas; testes listados só se aplicáveis.,ClientSpaceProvider: loading/ready/error; loading; error; retry,src/app/cliente/app/documentos/page.tsx; src/app/layout.tsx (RootLayout); src/app/cliente/app/layout.tsx (RealAccessShell + ClientSpaceProvider + ClientAppNavigation),tests/client-space.integration.test.mjs,— (nenhuma captura visual por rota encontrada na evidência mapeada),— (nenhuma validação manual específica desta rota registrada nesta matriz),"Não documentado para esta rota; nenhuma aprovação humana inferida. README registra aprovação geral de conceitos visuais, não aceite por rota/estado.","Sem captura visual específica listada; tema dia/noite, 320/390/768/1440px, teclado e todos os estados não estão cobertos por esta linha. Nenhum aceite humano por rota foi localizado."
/cliente/app/portal,src/app/cliente/app/portal/page.tsx,Portal do cliente — área autenticada / portal,— (sem lista local),Layout real ClientSpaceProvider + APIs: sessão cliente e vínculo/grant; sem lista staff.,src/app/layout.tsx (RootLayout); src/app/cliente/app/layout.tsx (RealAccessShell + ClientSpaceProvider + ClientAppNavigation),page export: ClientePortalPage; RealAccessShell; ClientSpaceProvider; ClientAppNavigation; PublishedTheme (RootLayout),No demo marker or direct API helper detected in route + first-level components; data provenance not inferred.,RootLayout/PublishedTheme e CSS público do escopo; não herda automaticamente o tema staff. Tema por rota não validado.,Código compartilhado ClientApp; estilos possuem breakpoint min-width 620px; não é prova de ausência de overflow por tela.,Estrutura nativa + ClientAppNavigation; sem verificação de teclado por todas as subrotas; testes listados só se aplicáveis.,ClientSpaceProvider: loading/ready/error; denied,src/app/cliente/app/portal/page.tsx; src/app/layout.tsx (RootLayout); src/app/cliente/app/layout.tsx (RealAccessShell + ClientSpaceProvider + ClientAppNavigation),tests/cli13-portal-access-modes.test.mjs,— (nenhuma captura visual por rota encontrada na evidência mapeada),— (nenhuma validação manual específica desta rota registrada nesta matriz),"Não documentado para esta rota; nenhuma aprovação humana inferida. README registra aprovação geral de conceitos visuais, não aceite por rota/estado.","Sem captura visual específica listada; tema dia/noite, 320/390/768/1440px, teclado e todos os estados não estão cobertos por esta linha. Nenhum aceite humano por rota foi localizado."
/cliente/app/reclamacoes-colaborador,src/app/cliente/app/reclamacoes-colaborador/page.tsx,Portal do cliente — área autenticada / reclamacoes-colaborador,— (sem lista local),Layout real ClientSpaceProvider + APIs: sessão cliente e vínculo/grant; sem lista staff.,src/app/layout.tsx (RootLayout); src/app/cliente/app/layout.tsx (RealAccessShell + ClientSpaceProvider + ClientAppNavigation),page export: ClientEmployeeComplaintPage; useClientSpace; RealAccessShell; ClientSpaceProvider; ClientAppNavigation; PublishedTheme (RootLayout),API/helper reference in route + direct components; dataset not queried in this inventory.,RootLayout/PublishedTheme e CSS público do escopo; não herda automaticamente o tema staff. Tema por rota não validado.,Código compartilhado ClientApp; estilos possuem breakpoint min-width 620px; não é prova de ausência de overflow por tela. Módulos locais detectados: min-width: 620px.,Estrutura nativa + ClientAppNavigation; sem verificação de teclado por todas as subrotas; testes listados só se aplicáveis.,ClientSpaceProvider: loading/ready/error; loading; error; denied; success; retry; busy,src/app/cliente/app/reclamacoes-colaborador/page.tsx; src/app/layout.tsx (RootLayout); src/app/cliente/app/layout.tsx (RealAccessShell + ClientSpaceProvider + ClientAppNavigation),tests/cli15-employee-complaint.test.mjs,— (nenhuma captura visual por rota encontrada na evidência mapeada),— (nenhuma validação manual específica desta rota registrada nesta matriz),"Não documentado para esta rota; nenhuma aprovação humana inferida. README registra aprovação geral de conceitos visuais, não aceite por rota/estado.","Sem captura visual específica listada; tema dia/noite, 320/390/768/1440px, teclado e todos os estados não estão cobertos por esta linha. Nenhum aceite humano por rota foi localizado."
/cliente/app/relatorios,src/app/cliente/app/relatorios/page.tsx,Portal do cliente — área autenticada / relatorios,— (sem lista local),Layout real ClientSpaceProvider + APIs: sessão cliente e vínculo/grant; sem lista staff.,src/app/layout.tsx (RootLayout); src/app/cliente/app/layout.tsx (RealAccessShell + ClientSpaceProvider + ClientAppNavigation),page export: ClientReportsPage; useClientSpace; RealAccessShell; ClientSpaceProvider; ClientAppNavigation; PublishedTheme (RootLayout),API/helper reference in route + direct components; dataset not queried in this inventory.,RootLayout/PublishedTheme e CSS público do escopo; não herda automaticamente o tema staff. Tema por rota não validado.,Código compartilhado ClientApp; estilos possuem breakpoint min-width 620px; não é prova de ausência de overflow por tela. Módulos locais detectados: min-width: 620px.,Estrutura nativa + ClientAppNavigation; sem verificação de teclado por todas as subrotas; testes listados só se aplicáveis.,ClientSpaceProvider: loading/ready/error; loading; error; success; retry; busy,src/app/cliente/app/relatorios/page.tsx; src/app/layout.tsx (RootLayout); src/app/cliente/app/layout.tsx (RealAccessShell + ClientSpaceProvider + ClientAppNavigation),— (nenhuma suíte de interface/rota mapeada nesta matriz; ausência não prova ausência de outros testes indiretos),— (nenhuma captura visual por rota encontrada na evidência mapeada),— (nenhuma validação manual específica desta rota registrada nesta matriz),"Não documentado para esta rota; nenhuma aprovação humana inferida. README registra aprovação geral de conceitos visuais, não aceite por rota/estado.","Sem captura visual específica listada; tema dia/noite, 320/390/768/1440px, teclado e todos os estados não estão cobertos por esta linha. Nenhum aceite humano por rota foi localizado."
/cliente/app/renovacao,src/app/cliente/app/renovacao/page.tsx,Portal do cliente — área autenticada / renovacao,— (sem lista local),Layout real ClientSpaceProvider + APIs: sessão cliente e vínculo/grant; sem lista staff.,src/app/layout.tsx (RootLayout); src/app/cliente/app/layout.tsx (RealAccessShell + ClientSpaceProvider + ClientAppNavigation),page export: ClientRenewalPage; useClientSpace; RealAccessShell; ClientSpaceProvider; ClientAppNavigation; PublishedTheme (RootLayout),API/helper reference in route + direct components; dataset not queried in this inventory.,RootLayout/PublishedTheme e CSS público do escopo; não herda automaticamente o tema staff. Tema por rota não validado.,Código compartilhado ClientApp; estilos possuem breakpoint min-width 620px; não é prova de ausência de overflow por tela. Módulos locais detectados: min-width: 620px.,Estrutura nativa + ClientAppNavigation; sem verificação de teclado por todas as subrotas; testes listados só se aplicáveis.,ClientSpaceProvider: loading/ready/error; loading; error; denied; success; retry; busy,src/app/cliente/app/renovacao/page.tsx; src/app/layout.tsx (RootLayout); src/app/cliente/app/layout.tsx (RealAccessShell + ClientSpaceProvider + ClientAppNavigation),tests/cli12-renewal-communications.test.mjs,— (nenhuma captura visual por rota encontrada na evidência mapeada),— (nenhuma validação manual específica desta rota registrada nesta matriz),"Não documentado para esta rota; nenhuma aprovação humana inferida. README registra aprovação geral de conceitos visuais, não aceite por rota/estado.","Sem captura visual específica listada; tema dia/noite, 320/390/768/1440px, teclado e todos os estados não estão cobertos por esta linha. Nenhum aceite humano por rota foi localizado."
/cliente/app/satisfacao,src/app/cliente/app/satisfacao/page.tsx,Portal do cliente — área autenticada / satisfacao,— (sem lista local),Layout real ClientSpaceProvider + APIs: sessão cliente e vínculo/grant; sem lista staff.,src/app/layout.tsx (RootLayout); src/app/cliente/app/layout.tsx (RealAccessShell + ClientSpaceProvider + ClientAppNavigation),page export: ClientSatisfactionPage; useClientSpace; RealAccessShell; ClientSpaceProvider; ClientAppNavigation; PublishedTheme (RootLayout),API/helper reference in route + direct components; dataset not queried in this inventory.,RootLayout/PublishedTheme e CSS público do escopo; não herda automaticamente o tema staff. Tema por rota não validado.,Código compartilhado ClientApp; estilos possuem breakpoint min-width 620px; não é prova de ausência de overflow por tela. Módulos locais detectados: min-width: 620px.,Estrutura nativa + ClientAppNavigation; sem verificação de teclado por todas as subrotas; testes listados só se aplicáveis.,ClientSpaceProvider: loading/ready/error; loading; empty; error; denied; success; retry; busy,src/app/cliente/app/satisfacao/page.tsx; src/app/layout.tsx (RootLayout); src/app/cliente/app/layout.tsx (RealAccessShell + ClientSpaceProvider + ClientAppNavigation),tests/cli11-satisfaction-portal.test.mjs; tests/ext06-satisfaction.integration.test.mjs,— (nenhuma captura visual por rota encontrada na evidência mapeada),— (nenhuma validação manual específica desta rota registrada nesta matriz),"Não documentado para esta rota; nenhuma aprovação humana inferida. README registra aprovação geral de conceitos visuais, não aceite por rota/estado.","Sem captura visual específica listada; tema dia/noite, 320/390/768/1440px, teclado e todos os estados não estão cobertos por esta linha. Nenhum aceite humano por rota foi localizado."
/cliente/app/seguranca,src/app/cliente/app/seguranca/page.tsx,Portal do cliente — área autenticada / seguranca,— (sem lista local),Layout real ClientSpaceProvider + APIs: sessão cliente e vínculo/grant; sem lista staff.,src/app/layout.tsx (RootLayout); src/app/cliente/app/layout.tsx (RealAccessShell + ClientSpaceProvider + ClientAppNavigation),page export: ClientMfaPage; useClientSpace; RealAccessShell; ClientSpaceProvider; ClientAppNavigation; PublishedTheme (RootLayout),API/helper reference in route + direct components; dataset not queried in this inventory.,RootLayout/PublishedTheme e CSS público do escopo; não herda automaticamente o tema staff. Tema por rota não validado.,Código compartilhado ClientApp; estilos possuem breakpoint min-width 620px; não é prova de ausência de overflow por tela. Módulos locais detectados: min-width: 620px.,Estrutura nativa + ClientAppNavigation; sem verificação de teclado por todas as subrotas; testes listados só se aplicáveis.,ClientSpaceProvider: loading/ready/error; loading; error; retry; busy,src/app/cliente/app/seguranca/page.tsx; src/app/layout.tsx (RootLayout); src/app/cliente/app/layout.tsx (RealAccessShell + ClientSpaceProvider + ClientAppNavigation),tests/cli14-account-security.test.mjs,— (nenhuma captura visual por rota encontrada na evidência mapeada),— (nenhuma validação manual específica desta rota registrada nesta matriz),"Não documentado para esta rota; nenhuma aprovação humana inferida. README registra aprovação geral de conceitos visuais, não aceite por rota/estado.","Sem captura visual específica listada; tema dia/noite, 320/390/768/1440px, teclado e todos os estados não estão cobertos por esta linha. Nenhum aceite humano por rota foi localizado."
/cliente/app/solicitacoes,src/app/cliente/app/solicitacoes/page.tsx,Portal do cliente — área autenticada / solicitacoes,— (sem lista local),Layout real ClientSpaceProvider + APIs: sessão cliente e vínculo/grant; sem lista staff.,src/app/layout.tsx (RootLayout); src/app/cliente/app/layout.tsx (RealAccessShell + ClientSpaceProvider + ClientAppNavigation),page export: ClientServiceRequestsPage; useClientSpace; RealAccessShell; ClientSpaceProvider; ClientAppNavigation; PublishedTheme (RootLayout),API/helper reference in route + direct components; dataset not queried in this inventory.,RootLayout/PublishedTheme e CSS público do escopo; não herda automaticamente o tema staff. Tema por rota não validado.,Código compartilhado ClientApp; estilos possuem breakpoint min-width 620px; não é prova de ausência de overflow por tela. Módulos locais detectados: min-width: 620px.,Estrutura nativa + ClientAppNavigation; sem verificação de teclado por todas as subrotas; testes listados só se aplicáveis.,ClientSpaceProvider: loading/ready/error; loading; error; denied; success; retry; busy,src/app/cliente/app/solicitacoes/page.tsx; src/app/layout.tsx (RootLayout); src/app/cliente/app/layout.tsx (RealAccessShell + ClientSpaceProvider + ClientAppNavigation),— (nenhuma suíte de interface/rota mapeada nesta matriz; ausência não prova ausência de outros testes indiretos),— (nenhuma captura visual por rota encontrada na evidência mapeada),— (nenhuma validação manual específica desta rota registrada nesta matriz),"Não documentado para esta rota; nenhuma aprovação humana inferida. README registra aprovação geral de conceitos visuais, não aceite por rota/estado.","Sem captura visual específica listada; tema dia/noite, 320/390/768/1440px, teclado e todos os estados não estão cobertos por esta linha. Nenhum aceite humano por rota foi localizado."
/cliente/chamados,src/app/cliente/chamados/page.tsx,Portal do cliente — entrada/informação / chamados,— (sem lista local),Sem papéis locais; rota de informação/prévia ou fluxo específico conforme código; não inferir acesso a dados.,src/app/layout.tsx (RootLayout),page export: ClientRequestsPage; ClientRequestsPreview; BrandLogo; ClientPortalNavigation; PublishedTheme (RootLayout),"Source marker(s) demo, demonstr, preview, prévia, exemplo, simulad; static hint only, not runtime dataset proof.",RootLayout/PublishedTheme e CSS público do escopo; não herda automaticamente o tema staff. Tema por rota não validado.,CSS local do portal existe em algumas subrotas; a presença de breakpoints depende do arquivo da linha; sem matriz de tamanhos completa. Módulos locais detectados: max-width:680px.,Não há validação de teclado específica para esta rota identificada nesta matriz.,success,src/app/cliente/chamados/page.tsx; src/app/layout.tsx (RootLayout),— (nenhuma suíte de interface/rota mapeada nesta matriz; ausência não prova ausência de outros testes indiretos),— (nenhuma captura visual por rota encontrada na evidência mapeada),— (nenhuma validação manual específica desta rota registrada nesta matriz),"Não documentado para esta rota; nenhuma aprovação humana inferida. README registra aprovação geral de conceitos visuais, não aceite por rota/estado.","Sem captura visual específica listada; tema dia/noite, 320/390/768/1440px, teclado e todos os estados não estão cobertos por esta linha. Nenhum aceite humano por rota foi localizado."
/cliente/confirmar-email,src/app/cliente/confirmar-email/page.tsx,Portal do cliente — entrada/informação / confirmar-email,— (sem lista local),Fluxo de autenticação/cliente referenciado no código; sem allowedRoles de staff; servidor decide sessão/grant.,src/app/layout.tsx (RootLayout),page export: ClientConfirmEmailPage; RealAccessShell; BrandLogo; PublishedTheme (RootLayout),"Source marker(s) demo, demonstr, prévia; static hint only, not runtime dataset proof.",RootLayout/PublishedTheme e CSS público do escopo; não herda automaticamente o tema staff. Tema por rota não validado.,CSS local do portal existe em algumas subrotas; a presença de breakpoints depende do arquivo da linha; sem matriz de tamanhos completa.,Não há validação de teclado específica para esta rota identificada nesta matriz.,loading; busy,src/app/cliente/confirmar-email/page.tsx; src/app/layout.tsx (RootLayout),tests/client-access.integration.test.mjs,— (nenhuma captura visual por rota encontrada na evidência mapeada),— (nenhuma validação manual específica desta rota registrada nesta matriz),"Não documentado para esta rota; nenhuma aprovação humana inferida. README registra aprovação geral de conceitos visuais, não aceite por rota/estado.","Sem captura visual específica listada; tema dia/noite, 320/390/768/1440px, teclado e todos os estados não estão cobertos por esta linha. Nenhum aceite humano por rota foi localizado."
/cliente/conta,src/app/cliente/conta/page.tsx,Portal do cliente — entrada/informação / conta,— (sem lista local),Sem papéis locais; rota de informação/prévia ou fluxo específico conforme código; não inferir acesso a dados.,src/app/layout.tsx (RootLayout),page export: ClientSecurityHubPage; BrandLogo; ClientPortalNavigation; PublishedTheme (RootLayout),"Source marker(s) demo, demonstr, preview, prévia; static hint only, not runtime dataset proof.",RootLayout/PublishedTheme e CSS público do escopo; não herda automaticamente o tema staff. Tema por rota não validado.,CSS local do portal existe em algumas subrotas; a presença de breakpoints depende do arquivo da linha; sem matriz de tamanhos completa. Módulos locais detectados: max-width:680px.,Não há validação de teclado específica para esta rota identificada nesta matriz.,No state marker detected in scanned source (not a runtime inventory),src/app/cliente/conta/page.tsx; src/app/layout.tsx (RootLayout),— (nenhuma suíte de interface/rota mapeada nesta matriz; ausência não prova ausência de outros testes indiretos),— (nenhuma captura visual por rota encontrada na evidência mapeada),— (nenhuma validação manual específica desta rota registrada nesta matriz),"Não documentado para esta rota; nenhuma aprovação humana inferida. README registra aprovação geral de conceitos visuais, não aceite por rota/estado.","Sem captura visual específica listada; tema dia/noite, 320/390/768/1440px, teclado e todos os estados não estão cobertos por esta linha. Nenhum aceite humano por rota foi localizado."
/cliente/contratos,src/app/cliente/contratos/page.tsx,Portal do cliente — entrada/informação / contratos,— (sem lista local),Sem papéis locais; rota de informação/prévia ou fluxo específico conforme código; não inferir acesso a dados.,src/app/layout.tsx (RootLayout),page export: ClientContractsPreviewPage; BrandLogo; ClientPortalNavigation; PublishedTheme (RootLayout),"Source marker(s) demo, demonstr, preview, prévia; static hint only, not runtime dataset proof.",RootLayout/PublishedTheme e CSS público do escopo; não herda automaticamente o tema staff. Tema por rota não validado.,CSS local do portal existe em algumas subrotas; a presença de breakpoints depende do arquivo da linha; sem matriz de tamanhos completa. Módulos locais detectados: max-width:680px.,Não há validação de teclado específica para esta rota identificada nesta matriz.,empty,src/app/cliente/contratos/page.tsx; src/app/layout.tsx (RootLayout),— (nenhuma suíte de interface/rota mapeada nesta matriz; ausência não prova ausência de outros testes indiretos),— (nenhuma captura visual por rota encontrada na evidência mapeada),— (nenhuma validação manual específica desta rota registrada nesta matriz),"Não documentado para esta rota; nenhuma aprovação humana inferida. README registra aprovação geral de conceitos visuais, não aceite por rota/estado.","Sem captura visual específica listada; tema dia/noite, 320/390/768/1440px, teclado e todos os estados não estão cobertos por esta linha. Nenhum aceite humano por rota foi localizado."
/cliente/convite,src/app/cliente/convite/page.tsx,Portal do cliente — entrada/informação / convite,— (sem lista local),Fluxo de autenticação/cliente referenciado no código; sem allowedRoles de staff; servidor decide sessão/grant.,src/app/layout.tsx (RootLayout),page export: ClientInvitePage; RealAccessShell; BrandLogo; PublishedTheme (RootLayout),"Source marker(s) demo, demonstr, prévia; static hint only, not runtime dataset proof.",RootLayout/PublishedTheme e CSS público do escopo; não herda automaticamente o tema staff. Tema por rota não validado.,CSS local do portal existe em algumas subrotas; a presença de breakpoints depende do arquivo da linha; sem matriz de tamanhos completa.,Não há validação de teclado específica para esta rota identificada nesta matriz.,loading; error; busy,src/app/cliente/convite/page.tsx; src/app/layout.tsx (RootLayout),tests/client-access.integration.test.mjs,— (nenhuma captura visual por rota encontrada na evidência mapeada),— (nenhuma validação manual específica desta rota registrada nesta matriz),"Não documentado para esta rota; nenhuma aprovação humana inferida. README registra aprovação geral de conceitos visuais, não aceite por rota/estado.","Sem captura visual específica listada; tema dia/noite, 320/390/768/1440px, teclado e todos os estados não estão cobertos por esta linha. Nenhum aceite humano por rota foi localizado."
/cliente/documentos,src/app/cliente/documentos/page.tsx,Portal do cliente — entrada/informação / documentos,— (sem lista local),Sem papéis locais; rota de informação/prévia ou fluxo específico conforme código; não inferir acesso a dados.,src/app/layout.tsx (RootLayout),page export: ClientDocumentsPreviewPage; BrandLogo; ClientPortalNavigation; PublishedTheme (RootLayout),"Source marker(s) demo, demonstr, preview, prévia; static hint only, not runtime dataset proof.",RootLayout/PublishedTheme e CSS público do escopo; não herda automaticamente o tema staff. Tema por rota não validado.,CSS local do portal existe em algumas subrotas; a presença de breakpoints depende do arquivo da linha; sem matriz de tamanhos completa. Módulos locais detectados: max-width:680px.,Não há validação de teclado específica para esta rota identificada nesta matriz.,No state marker detected in scanned source (not a runtime inventory),src/app/cliente/documentos/page.tsx; src/app/layout.tsx (RootLayout),— (nenhuma suíte de interface/rota mapeada nesta matriz; ausência não prova ausência de outros testes indiretos),— (nenhuma captura visual por rota encontrada na evidência mapeada),— (nenhuma validação manual específica desta rota registrada nesta matriz),"Não documentado para esta rota; nenhuma aprovação humana inferida. README registra aprovação geral de conceitos visuais, não aceite por rota/estado.","Sem captura visual específica listada; tema dia/noite, 320/390/768/1440px, teclado e todos os estados não estão cobertos por esta linha. Nenhum aceite humano por rota foi localizado."
/cliente/entrar,src/app/cliente/entrar/page.tsx,Portal do cliente — entrada/informação / entrar,— (sem lista local),Fluxo de autenticação/cliente referenciado no código; sem allowedRoles de staff; servidor decide sessão/grant.,src/app/layout.tsx (RootLayout),page export: ClientSignInPage; RealAccessShell; BrandLogo; PublishedTheme (RootLayout),"Source marker(s) demo, demonstr, prévia; static hint only, not runtime dataset proof.",RootLayout/PublishedTheme e CSS público do escopo; não herda automaticamente o tema staff. Tema por rota não validado.,CSS local do portal existe em algumas subrotas; a presença de breakpoints depende do arquivo da linha; sem matriz de tamanhos completa.,Não há validação de teclado específica para esta rota identificada nesta matriz.,loading; error; success; retry; busy,src/app/cliente/entrar/page.tsx; src/app/layout.tsx (RootLayout),tests/client-access.integration.test.mjs,docs/evidencias/identidade-2026-10-07/cliente-login.png (entry screenshot; viewport not stated),— (nenhuma validação manual específica desta rota registrada nesta matriz),"Não documentado para esta rota; nenhuma aprovação humana inferida. README registra aprovação geral de conceitos visuais, não aceite por rota/estado.","Captura(s)/teste(s) cobrem apenas os cenários/vp indicados nos documentos; faltam cobertura completa por papel, dia/noite, 320/390/768/1440px, estados e leitor de tela. Sem aceite humano por rota."
/cliente/painel,src/app/cliente/painel/page.tsx,Portal do cliente — entrada/informação / painel,— (sem lista local),Sem papéis locais; rota de informação/prévia ou fluxo específico conforme código; não inferir acesso a dados.,src/app/layout.tsx (RootLayout),page export: ClientDashboardPreviewPage; BrandLogo; ClientPortalNavigation; PublishedTheme (RootLayout),"Source marker(s) demo, demonstr, preview, prévia; static hint only, not runtime dataset proof.",RootLayout/PublishedTheme e CSS público do escopo; não herda automaticamente o tema staff. Tema por rota não validado.,"CSS local do portal existe em algumas subrotas; a presença de breakpoints depende do arquivo da linha; sem matriz de tamanhos completa. Módulos locais detectados: max-width:760px, max-width:420px, max-width:680px.",Não há validação de teclado específica para esta rota identificada nesta matriz.,empty,src/app/cliente/painel/page.tsx; src/app/layout.tsx (RootLayout),— (nenhuma suíte de interface/rota mapeada nesta matriz; ausência não prova ausência de outros testes indiretos),— (nenhuma captura visual por rota encontrada na evidência mapeada),— (nenhuma validação manual específica desta rota registrada nesta matriz),"Não documentado para esta rota; nenhuma aprovação humana inferida. README registra aprovação geral de conceitos visuais, não aceite por rota/estado.","Sem captura visual específica listada; tema dia/noite, 320/390/768/1440px, teclado e todos os estados não estão cobertos por esta linha. Nenhum aceite humano por rota foi localizado."
/cliente/recuperar-senha,src/app/cliente/recuperar-senha/page.tsx,Portal do cliente — entrada/informação / recuperar-senha,— (sem lista local),Sem papéis locais; rota de informação/prévia ou fluxo específico conforme código; não inferir acesso a dados.,src/app/layout.tsx (RootLayout),page export: PasswordRecoveryPreviewPage; ClientPortalNavigation; PublishedTheme (RootLayout),"Source marker(s) demo, demonstr, preview, prévia, exemplo; static hint only, not runtime dataset proof.",RootLayout/PublishedTheme e CSS público do escopo; não herda automaticamente o tema staff. Tema por rota não validado.,"CSS local do portal existe em algumas subrotas; a presença de breakpoints depende do arquivo da linha; sem matriz de tamanhos completa. Módulos locais detectados: max-width:560px, max-width:680px.",Não há validação de teclado específica para esta rota identificada nesta matriz.,No state marker detected in scanned source (not a runtime inventory),src/app/cliente/recuperar-senha/page.tsx; src/app/layout.tsx (RootLayout),tests/client-access.integration.test.mjs,— (nenhuma captura visual por rota encontrada na evidência mapeada),— (nenhuma validação manual específica desta rota registrada nesta matriz),"Não documentado para esta rota; nenhuma aprovação humana inferida. README registra aprovação geral de conceitos visuais, não aceite por rota/estado.","Sem captura visual específica listada; tema dia/noite, 320/390/768/1440px, teclado e todos os estados não estão cobertos por esta linha. Nenhum aceite humano por rota foi localizado."
/cliente/redefinir-senha,src/app/cliente/redefinir-senha/page.tsx,Portal do cliente — entrada/informação / redefinir-senha,— (sem lista local),Fluxo de autenticação/cliente referenciado no código; sem allowedRoles de staff; servidor decide sessão/grant.,src/app/layout.tsx (RootLayout),page export: ClientPasswordRecoveryPage; RealAccessShell; BrandLogo; PublishedTheme (RootLayout),"Source marker(s) demo, demonstr, prévia; static hint only, not runtime dataset proof.",RootLayout/PublishedTheme e CSS público do escopo; não herda automaticamente o tema staff. Tema por rota não validado.,CSS local do portal existe em algumas subrotas; a presença de breakpoints depende do arquivo da linha; sem matriz de tamanhos completa.,Não há validação de teclado específica para esta rota identificada nesta matriz.,loading; error; busy,src/app/cliente/redefinir-senha/page.tsx; src/app/layout.tsx (RootLayout),tests/client-access.integration.test.mjs,— (nenhuma captura visual por rota encontrada na evidência mapeada),— (nenhuma validação manual específica desta rota registrada nesta matriz),"Não documentado para esta rota; nenhuma aprovação humana inferida. README registra aprovação geral de conceitos visuais, não aceite por rota/estado.","Sem captura visual específica listada; tema dia/noite, 320/390/768/1440px, teclado e todos os estados não estão cobertos por esta linha. Nenhum aceite humano por rota foi localizado."
/cliente/seguranca,src/app/cliente/seguranca/page.tsx,Portal do cliente — entrada/informação / seguranca,— (sem lista local),Sem papéis locais; rota de informação/prévia ou fluxo específico conforme código; não inferir acesso a dados.,src/app/layout.tsx (RootLayout),page export: ClientSecurityPreviewPage; ClientPortalNavigation; PublishedTheme (RootLayout),"Source marker(s) demo, demonstr, preview, prévia, simulad; static hint only, not runtime dataset proof.",RootLayout/PublishedTheme e CSS público do escopo; não herda automaticamente o tema staff. Tema por rota não validado.,"CSS local do portal existe em algumas subrotas; a presença de breakpoints depende do arquivo da linha; sem matriz de tamanhos completa. Módulos locais detectados: max-width:600px, max-width:680px.",Não há validação de teclado específica para esta rota identificada nesta matriz.,No state marker detected in scanned source (not a runtime inventory),src/app/cliente/seguranca/page.tsx; src/app/layout.tsx (RootLayout),— (nenhuma suíte de interface/rota mapeada nesta matriz; ausência não prova ausência de outros testes indiretos),— (nenhuma captura visual por rota encontrada na evidência mapeada),— (nenhuma validação manual específica desta rota registrada nesta matriz),"Não documentado para esta rota; nenhuma aprovação humana inferida. README registra aprovação geral de conceitos visuais, não aceite por rota/estado.","Sem captura visual específica listada; tema dia/noite, 320/390/768/1440px, teclado e todos os estados não estão cobertos por esta linha. Nenhum aceite humano por rota foi localizado."
/contato,src/app/contato/page.tsx,Site público — contato,— (sem lista local),Sem papel declarado; rota pública/prévia por código. Não implica autorização para endpoints.,src/app/layout.tsx (RootLayout),page export: ContatoPage; RagWidget; PublishedTheme (RootLayout),API/helper reference in route + direct components; dataset not queried in this inventory.,RootLayout/PublishedTheme e CSS público do escopo; não herda automaticamente o tema staff. Tema por rota não validado.,globals.css público possui breakpoints 1150/880/640px; página específica não foi conferida em todos os tamanhos.,globals.css define :focus-visible em .site; sem verificação por rota/todos os controles.,loading; error; success; retry; busy,src/app/contato/page.tsx; src/app/layout.tsx (RootLayout),tests/lead-flow.integration.test.mjs; tests/ai-rag-widget.integration.test.mjs,docs/fech-01-assistentes-evidencias/mobile-390-publico-sem-fonte.png (390×844; synthetic gate),— (nenhuma validação manual específica desta rota registrada nesta matriz),"Não documentado para esta rota; nenhuma aprovação humana inferida. README registra aprovação geral de conceitos visuais, não aceite por rota/estado.","Captura(s)/teste(s) cobrem apenas os cenários/vp indicados nos documentos; faltam cobertura completa por papel, dia/noite, 320/390/768/1440px, estados e leitor de tela. Sem aceite humano por rota."
/conteudos,src/app/conteudos/page.tsx,Site público — conteúdo,— (sem lista local),Sem papel declarado; rota pública/prévia por código. Não implica autorização para endpoints.,src/app/layout.tsx (RootLayout),page export: Page; PublishedContent; PublishedTheme (RootLayout),API/helper reference in route + direct components; dataset not queried in this inventory.,RootLayout/PublishedTheme e CSS público do escopo; não herda automaticamente o tema staff. Tema por rota não validado.,globals.css público possui breakpoints 1150/880/640px; página específica não foi conferida em todos os tamanhos.,globals.css define :focus-visible em .site; sem verificação por rota/todos os controles.,loading; error,src/app/conteudos/page.tsx; src/app/layout.tsx (RootLayout),tests/l04-delivery.integration.test.mjs,— (nenhuma captura visual por rota encontrada na evidência mapeada),— (nenhuma validação manual específica desta rota registrada nesta matriz),"Não documentado para esta rota; nenhuma aprovação humana inferida. README registra aprovação geral de conceitos visuais, não aceite por rota/estado.","Sem captura visual específica listada; tema dia/noite, 320/390/768/1440px, teclado e todos os estados não estão cobertos por esta linha. Nenhum aceite humano por rota foi localizado."
/conteudos/[slug],src/app/conteudos/[slug]/page.tsx,Site público — conteúdo dinâmico,— (sem lista local),Sem papel declarado; rota pública/prévia por código. Não implica autorização para endpoints.,src/app/layout.tsx (RootLayout),page export: Page; PublishedContent; PublishedTheme (RootLayout),API/helper reference in route + direct components; dataset not queried in this inventory.,RootLayout/PublishedTheme e CSS público do escopo; não herda automaticamente o tema staff. Tema por rota não validado.,globals.css público possui breakpoints 1150/880/640px; página específica não foi conferida em todos os tamanhos.,globals.css define :focus-visible em .site; sem verificação por rota/todos os controles.,loading; error,src/app/conteudos/[slug]/page.tsx; src/app/layout.tsx (RootLayout),tests/l04-delivery.integration.test.mjs,— (nenhuma captura visual por rota encontrada na evidência mapeada),— (nenhuma validação manual específica desta rota registrada nesta matriz),"Não documentado para esta rota; nenhuma aprovação humana inferida. README registra aprovação geral de conceitos visuais, não aceite por rota/estado.","Sem captura visual específica listada; tema dia/noite, 320/390/768/1440px, teclado e todos os estados não estão cobertos por esta linha. Nenhum aceite humano por rota foi localizado."
/faq,src/app/faq/page.tsx,Site público — perguntas frequentes,— (sem lista local),Sem papel declarado; rota pública/prévia por código. Não implica autorização para endpoints.,src/app/layout.tsx (RootLayout),page export: FaqPage; FaqAssistedWidget; PublishedTheme (RootLayout),"Source marker(s) demo, demonstr; static hint only, not runtime dataset proof.",RootLayout/PublishedTheme e CSS público do escopo; não herda automaticamente o tema staff. Tema por rota não validado.,globals.css público possui breakpoints 1150/880/640px; página específica não foi conferida em todos os tamanhos.,globals.css define :focus-visible em .site; sem verificação por rota/todos os controles.,empty; error; success; busy,src/app/faq/page.tsx; src/app/layout.tsx (RootLayout),tests/seo-technical.test.mjs,— (nenhuma captura visual por rota encontrada na evidência mapeada),— (nenhuma validação manual específica desta rota registrada nesta matriz),"Não documentado para esta rota; nenhuma aprovação humana inferida. README registra aprovação geral de conceitos visuais, não aceite por rota/estado.","Sem captura visual específica listada; tema dia/noite, 320/390/768/1440px, teclado e todos os estados não estão cobertos por esta linha. Nenhum aceite humano por rota foi localizado."
/funcionario,src/app/funcionario/page.tsx,Portal do funcionário,— (sem lista local),"Portal próprio de funcionário; sessão/escopo são decididos pelos endpoints, sem lista allowedRoles de staff.",src/app/layout.tsx (RootLayout),page export: FuncionarioPage; EmployeePortal; UiState; EmployeeTimeClock; BrandLogo; PublishedTheme (RootLayout),API/helper reference in route + direct components; dataset not queried in this inventory.,RootLayout/PublishedTheme e CSS público do escopo; não herda automaticamente o tema staff. Tema por rota não validado.,"EmployeePortal: shell mobile-first; média a partir de 700px e 900px no CSS. Módulos locais detectados: min-width:700px, min-width:900px.",Código com tablist nas abas; tests/ux-portal-workspace.integration.test.mjs verifica setas/Home/End para este portal; não cobre leitor de tela.,UiState component referenced; loading; empty; error; denied; success; retry; busy,src/app/funcionario/page.tsx; src/app/layout.tsx (RootLayout),tests/ux-portal-workspace.integration.test.mjs,docs/evidencias/identidade-2026-10-07/funcionario-login.png (entry screenshot; viewport not stated),— (nenhuma validação manual específica desta rota registrada nesta matriz),"Não documentado para esta rota; nenhuma aprovação humana inferida. README registra aprovação geral de conceitos visuais, não aceite por rota/estado.","Captura(s)/teste(s) cobrem apenas os cenários/vp indicados nos documentos; faltam cobertura completa por papel, dia/noite, 320/390/768/1440px, estados e leitor de tela. Sem aceite humano por rota."
/layout-01,src/app/layout-01/page.tsx,Prévia visual — layout 01,— (sem lista local),Sem papel declarado; rota pública/prévia por código. Não implica autorização para endpoints.,src/app/layout.tsx (RootLayout),page export: Layout01Page; Layout01; PublishedTheme (RootLayout),"Source marker(s) prévia; static hint only, not runtime dataset proof.",RootLayout/PublishedTheme e CSS público do escopo; não herda automaticamente o tema staff. Tema por rota não validado.,globals.css público possui breakpoints 1150/880/640px; página específica não foi conferida em todos os tamanhos. Módulos locais detectados: max-width: 640px.,globals.css define :focus-visible em .site; sem verificação por rota/todos os controles.,loading,src/app/layout-01/page.tsx; src/app/layout.tsx (RootLayout),— (nenhuma suíte de interface/rota mapeada nesta matriz; ausência não prova ausência de outros testes indiretos),— (nenhuma captura visual por rota encontrada na evidência mapeada),— (nenhuma validação manual específica desta rota registrada nesta matriz),"Não documentado para esta rota; nenhuma aprovação humana inferida. README registra aprovação geral de conceitos visuais, não aceite por rota/estado.","Sem captura visual específica listada; tema dia/noite, 320/390/768/1440px, teclado e todos os estados não estão cobertos por esta linha. Nenhum aceite humano por rota foi localizado."
/layout-02,src/app/layout-02/page.tsx,Prévia visual — layout 02,— (sem lista local),Sem papel declarado; rota pública/prévia por código. Não implica autorização para endpoints.,src/app/layout.tsx (RootLayout),page export: Layout02Page; Layout02; BrandLogo; PublishedTheme (RootLayout),"Source marker(s) demo, prévia; static hint only, not runtime dataset proof.",RootLayout/PublishedTheme e CSS público do escopo; não herda automaticamente o tema staff. Tema por rota não validado.,"globals.css público possui breakpoints 1150/880/640px; página específica não foi conferida em todos os tamanhos. Módulos locais detectados: max-width: 980px, max-width: 740px.",globals.css define :focus-visible em .site; sem verificação por rota/todos os controles.,No state marker detected in scanned source (not a runtime inventory),src/app/layout-02/page.tsx; src/app/layout.tsx (RootLayout),— (nenhuma suíte de interface/rota mapeada nesta matriz; ausência não prova ausência de outros testes indiretos),— (nenhuma captura visual por rota encontrada na evidência mapeada),— (nenhuma validação manual específica desta rota registrada nesta matriz),"Não documentado para esta rota; nenhuma aprovação humana inferida. README registra aprovação geral de conceitos visuais, não aceite por rota/estado.","Sem captura visual específica listada; tema dia/noite, 320/390/768/1440px, teclado e todos os estados não estão cobertos por esta linha. Nenhum aceite humano por rota foi localizado."
/layout-03,src/app/layout-03/page.tsx,Prévia visual — layout 03,— (sem lista local),Sem papel declarado; rota pública/prévia por código. Não implica autorização para endpoints.,src/app/layout.tsx (RootLayout),page export: Layout03Page; Layout03; BrandLogo; PublishedTheme (RootLayout),"Source marker(s) demo, prévia; static hint only, not runtime dataset proof.",RootLayout/PublishedTheme e CSS público do escopo; não herda automaticamente o tema staff. Tema por rota não validado.,"globals.css público possui breakpoints 1150/880/640px; página específica não foi conferida em todos os tamanhos. Módulos locais detectados: max-width: 950px, max-width: 720px.",globals.css define :focus-visible em .site; sem verificação por rota/todos os controles.,No state marker detected in scanned source (not a runtime inventory),src/app/layout-03/page.tsx; src/app/layout.tsx (RootLayout),— (nenhuma suíte de interface/rota mapeada nesta matriz; ausência não prova ausência de outros testes indiretos),— (nenhuma captura visual por rota encontrada na evidência mapeada),— (nenhuma validação manual específica desta rota registrada nesta matriz),"Não documentado para esta rota; nenhuma aprovação humana inferida. README registra aprovação geral de conceitos visuais, não aceite por rota/estado.","Sem captura visual específica listada; tema dia/noite, 320/390/768/1440px, teclado e todos os estados não estão cobertos por esta linha. Nenhum aceite humano por rota foi localizado."
/layout-04,src/app/layout-04/page.tsx,Prévia visual — layout 04,— (sem lista local),Sem papel declarado; rota pública/prévia por código. Não implica autorização para endpoints.,src/app/layout.tsx (RootLayout),page export: Layout04Page; Layout04; BrandLogo; PublishedTheme (RootLayout),"Source marker(s) prévia; static hint only, not runtime dataset proof.",RootLayout/PublishedTheme e CSS público do escopo; não herda automaticamente o tema staff. Tema por rota não validado.,"globals.css público possui breakpoints 1150/880/640px; página específica não foi conferida em todos os tamanhos. Módulos locais detectados: max-width: 970px, max-width: 720px.",globals.css define :focus-visible em .site; sem verificação por rota/todos os controles.,No state marker detected in scanned source (not a runtime inventory),src/app/layout-04/page.tsx; src/app/layout.tsx (RootLayout),— (nenhuma suíte de interface/rota mapeada nesta matriz; ausência não prova ausência de outros testes indiretos),— (nenhuma captura visual por rota encontrada na evidência mapeada),— (nenhuma validação manual específica desta rota registrada nesta matriz),"Não documentado para esta rota; nenhuma aprovação humana inferida. README registra aprovação geral de conceitos visuais, não aceite por rota/estado.","Sem captura visual específica listada; tema dia/noite, 320/390/768/1440px, teclado e todos os estados não estão cobertos por esta linha. Nenhum aceite humano por rota foi localizado."
/layout-05,src/app/layout-05/page.tsx,Prévia visual — layout 05,— (sem lista local),Sem papel declarado; rota pública/prévia por código. Não implica autorização para endpoints.,src/app/layout.tsx (RootLayout),page export: Layout05Page; Layout05; BrandLogo; PublishedTheme (RootLayout),"Source marker(s) prévia; static hint only, not runtime dataset proof.",RootLayout/PublishedTheme e CSS público do escopo; não herda automaticamente o tema staff. Tema por rota não validado.,"globals.css público possui breakpoints 1150/880/640px; página específica não foi conferida em todos os tamanhos. Módulos locais detectados: max-width: 950px, max-width: 720px.",globals.css define :focus-visible em .site; sem verificação por rota/todos os controles.,No state marker detected in scanned source (not a runtime inventory),src/app/layout-05/page.tsx; src/app/layout.tsx (RootLayout),— (nenhuma suíte de interface/rota mapeada nesta matriz; ausência não prova ausência de outros testes indiretos),— (nenhuma captura visual por rota encontrada na evidência mapeada),— (nenhuma validação manual específica desta rota registrada nesta matriz),"Não documentado para esta rota; nenhuma aprovação humana inferida. README registra aprovação geral de conceitos visuais, não aceite por rota/estado.","Sem captura visual específica listada; tema dia/noite, 320/390/768/1440px, teclado e todos os estados não estão cobertos por esta linha. Nenhum aceite humano por rota foi localizado."
/layout-06,src/app/layout-06/page.tsx,Prévia visual — layout 06,— (sem lista local),Sem papel declarado; rota pública/prévia por código. Não implica autorização para endpoints.,src/app/layout.tsx (RootLayout),page export: Layout06Page; Layout06; BrandLogo; PublishedTheme (RootLayout),"Source marker(s) demo, prévia; static hint only, not runtime dataset proof.",RootLayout/PublishedTheme e CSS público do escopo; não herda automaticamente o tema staff. Tema por rota não validado.,"globals.css público possui breakpoints 1150/880/640px; página específica não foi conferida em todos os tamanhos. Módulos locais detectados: max-width: 960px, max-width: 720px.",globals.css define :focus-visible em .site; sem verificação por rota/todos os controles.,No state marker detected in scanned source (not a runtime inventory),src/app/layout-06/page.tsx; src/app/layout.tsx (RootLayout),— (nenhuma suíte de interface/rota mapeada nesta matriz; ausência não prova ausência de outros testes indiretos),— (nenhuma captura visual por rota encontrada na evidência mapeada),— (nenhuma validação manual específica desta rota registrada nesta matriz),"Não documentado para esta rota; nenhuma aprovação humana inferida. README registra aprovação geral de conceitos visuais, não aceite por rota/estado.","Sem captura visual específica listada; tema dia/noite, 320/390/768/1440px, teclado e todos os estados não estão cobertos por esta linha. Nenhum aceite humano por rota foi localizado."
/layout-07,src/app/layout-07/page.tsx,Prévia visual — layout 07,— (sem lista local),Sem papel declarado; rota pública/prévia por código. Não implica autorização para endpoints.,src/app/layout.tsx (RootLayout),page export: Layout07Page; Layout07; BrandLogo; PublishedTheme (RootLayout),"Source marker(s) prévia; static hint only, not runtime dataset proof.",RootLayout/PublishedTheme e CSS público do escopo; não herda automaticamente o tema staff. Tema por rota não validado.,"globals.css público possui breakpoints 1150/880/640px; página específica não foi conferida em todos os tamanhos. Módulos locais detectados: max-width: 1050px, max-width: 760px.",globals.css define :focus-visible em .site; sem verificação por rota/todos os controles.,No state marker detected in scanned source (not a runtime inventory),src/app/layout-07/page.tsx; src/app/layout.tsx (RootLayout),— (nenhuma suíte de interface/rota mapeada nesta matriz; ausência não prova ausência de outros testes indiretos),— (nenhuma captura visual por rota encontrada na evidência mapeada),— (nenhuma validação manual específica desta rota registrada nesta matriz),"Não documentado para esta rota; nenhuma aprovação humana inferida. README registra aprovação geral de conceitos visuais, não aceite por rota/estado.","Sem captura visual específica listada; tema dia/noite, 320/390/768/1440px, teclado e todos os estados não estão cobertos por esta linha. Nenhum aceite humano por rota foi localizado."
/layout-08,src/app/layout-08/page.tsx,Prévia visual — layout 08,— (sem lista local),Sem papel declarado; rota pública/prévia por código. Não implica autorização para endpoints.,src/app/layout.tsx (RootLayout),page export: Layout08Page; Layout08; BrandLogo; PublishedTheme (RootLayout),"Source marker(s) prévia; static hint only, not runtime dataset proof.",RootLayout/PublishedTheme e CSS público do escopo; não herda automaticamente o tema staff. Tema por rota não validado.,"globals.css público possui breakpoints 1150/880/640px; página específica não foi conferida em todos os tamanhos. Módulos locais detectados: max-width: 1000px, max-width: 760px.",globals.css define :focus-visible em .site; sem verificação por rota/todos os controles.,No state marker detected in scanned source (not a runtime inventory),src/app/layout-08/page.tsx; src/app/layout.tsx (RootLayout),— (nenhuma suíte de interface/rota mapeada nesta matriz; ausência não prova ausência de outros testes indiretos),— (nenhuma captura visual por rota encontrada na evidência mapeada),— (nenhuma validação manual específica desta rota registrada nesta matriz),"Não documentado para esta rota; nenhuma aprovação humana inferida. README registra aprovação geral de conceitos visuais, não aceite por rota/estado.","Sem captura visual específica listada; tema dia/noite, 320/390/768/1440px, teclado e todos os estados não estão cobertos por esta linha. Nenhum aceite humano por rota foi localizado."
/layout-09,src/app/layout-09/page.tsx,Prévia visual — layout 09,— (sem lista local),Sem papel declarado; rota pública/prévia por código. Não implica autorização para endpoints.,src/app/layout.tsx (RootLayout),page export: Layout09Page; Layout09; BrandLogo; PublishedTheme (RootLayout),"Source marker(s) prévia; static hint only, not runtime dataset proof.",RootLayout/PublishedTheme e CSS público do escopo; não herda automaticamente o tema staff. Tema por rota não validado.,"globals.css público possui breakpoints 1150/880/640px; página específica não foi conferida em todos os tamanhos. Módulos locais detectados: max-width: 960px, max-width: 720px.",globals.css define :focus-visible em .site; sem verificação por rota/todos os controles.,No state marker detected in scanned source (not a runtime inventory),src/app/layout-09/page.tsx; src/app/layout.tsx (RootLayout),— (nenhuma suíte de interface/rota mapeada nesta matriz; ausência não prova ausência de outros testes indiretos),— (nenhuma captura visual por rota encontrada na evidência mapeada),— (nenhuma validação manual específica desta rota registrada nesta matriz),"Não documentado para esta rota; nenhuma aprovação humana inferida. README registra aprovação geral de conceitos visuais, não aceite por rota/estado.","Sem captura visual específica listada; tema dia/noite, 320/390/768/1440px, teclado e todos os estados não estão cobertos por esta linha. Nenhum aceite humano por rota foi localizado."
/layout-10,src/app/layout-10/page.tsx,Prévia visual — layout 10,— (sem lista local),Sem papel declarado; rota pública/prévia por código. Não implica autorização para endpoints.,src/app/layout.tsx (RootLayout),page export: Layout10Page; Layout10; BrandLogo; PublishedTheme (RootLayout),"Source marker(s) prévia; static hint only, not runtime dataset proof.",RootLayout/PublishedTheme e CSS público do escopo; não herda automaticamente o tema staff. Tema por rota não validado.,"globals.css público possui breakpoints 1150/880/640px; página específica não foi conferida em todos os tamanhos. Módulos locais detectados: max-width: 900px, max-width: 720px.",globals.css define :focus-visible em .site; sem verificação por rota/todos os controles.,No state marker detected in scanned source (not a runtime inventory),src/app/layout-10/page.tsx; src/app/layout.tsx (RootLayout),— (nenhuma suíte de interface/rota mapeada nesta matriz; ausência não prova ausência de outros testes indiretos),— (nenhuma captura visual por rota encontrada na evidência mapeada),— (nenhuma validação manual específica desta rota registrada nesta matriz),"Não documentado para esta rota; nenhuma aprovação humana inferida. README registra aprovação geral de conceitos visuais, não aceite por rota/estado.","Sem captura visual específica listada; tema dia/noite, 320/390/768/1440px, teclado e todos os estados não estão cobertos por esta linha. Nenhum aceite humano por rota foi localizado."
/layout-preview,src/app/layout-preview/page.tsx,Prévia visual — seleção por ID,— (sem lista local),Sem papel declarado; rota pública/prévia por código. Não implica autorização para endpoints.,src/app/layout.tsx (RootLayout),page export: default export; SiteVisualPreview; PublishedTheme (RootLayout),"Source marker(s) preview; static hint only, not runtime dataset proof.",RootLayout/PublishedTheme e CSS público do escopo; não herda automaticamente o tema staff. Tema por rota não validado.,globals.css público possui breakpoints 1150/880/640px; página específica não foi conferida em todos os tamanhos. Módulos locais detectados: max-width: 640px.,globals.css define :focus-visible em .site; sem verificação por rota/todos os controles.,No state marker detected in scanned source (not a runtime inventory),src/app/layout-preview/page.tsx; src/app/layout.tsx (RootLayout),— (nenhuma suíte de interface/rota mapeada nesta matriz; ausência não prova ausência de outros testes indiretos),— (nenhuma captura visual por rota encontrada na evidência mapeada),— (nenhuma validação manual específica desta rota registrada nesta matriz),"Não documentado para esta rota; nenhuma aprovação humana inferida. README registra aprovação geral de conceitos visuais, não aceite por rota/estado.","Sem captura visual específica listada; tema dia/noite, 320/390/768/1440px, teclado e todos os estados não estão cobertos por esta linha. Nenhum aceite humano por rota foi localizado."
/orcamento,src/app/orcamento/page.tsx,Site público — orçamento/pedido,— (sem lista local),Sem papel declarado; rota pública/prévia por código. Não implica autorização para endpoints.,src/app/layout.tsx (RootLayout),page export: OrcamentoPage; PublishedTheme (RootLayout),API/helper reference in route + direct components; dataset not queried in this inventory.,RootLayout/PublishedTheme e CSS público do escopo; não herda automaticamente o tema staff. Tema por rota não validado.,globals.css público possui breakpoints 1150/880/640px; página específica não foi conferida em todos os tamanhos.,globals.css define :focus-visible em .site; sem verificação por rota/todos os controles.,loading; error; success; busy,src/app/orcamento/page.tsx; src/app/layout.tsx (RootLayout),tests/lead-flow.integration.test.mjs,— (nenhuma captura visual por rota encontrada na evidência mapeada),— (nenhuma validação manual específica desta rota registrada nesta matriz),"Não documentado para esta rota; nenhuma aprovação humana inferida. README registra aprovação geral de conceitos visuais, não aceite por rota/estado.","Sem captura visual específica listada; tema dia/noite, 320/390/768/1440px, teclado e todos os estados não estão cobertos por esta linha. Nenhum aceite humano por rota foi localizado."
/pacotes,src/app/pacotes/page.tsx,Site público — pacotes,— (sem lista local),Sem papel declarado; rota pública/prévia por código. Não implica autorização para endpoints.,src/app/layout.tsx (RootLayout),page export: Page; PublishedContent; PublishedTheme (RootLayout),API/helper reference in route + direct components; dataset not queried in this inventory.,RootLayout/PublishedTheme e CSS público do escopo; não herda automaticamente o tema staff. Tema por rota não validado.,globals.css público possui breakpoints 1150/880/640px; página específica não foi conferida em todos os tamanhos.,globals.css define :focus-visible em .site; sem verificação por rota/todos os controles.,loading; error,src/app/pacotes/page.tsx; src/app/layout.tsx (RootLayout),— (nenhuma suíte de interface/rota mapeada nesta matriz; ausência não prova ausência de outros testes indiretos),— (nenhuma captura visual por rota encontrada na evidência mapeada),— (nenhuma validação manual específica desta rota registrada nesta matriz),"Não documentado para esta rota; nenhuma aprovação humana inferida. README registra aprovação geral de conceitos visuais, não aceite por rota/estado.","Sem captura visual específica listada; tema dia/noite, 320/390/768/1440px, teclado e todos os estados não estão cobertos por esta linha. Nenhum aceite humano por rota foi localizado."
/privacidade,src/app/privacidade/page.tsx,Site público — privacidade,— (sem lista local),Sem papel declarado; rota pública/prévia por código. Não implica autorização para endpoints.,src/app/layout.tsx (RootLayout),page export: PrivacidadePage; PublishedTheme (RootLayout),No demo marker or direct API helper detected in route + first-level components; data provenance not inferred.,RootLayout/PublishedTheme e CSS público do escopo; não herda automaticamente o tema staff. Tema por rota não validado.,globals.css público possui breakpoints 1150/880/640px; página específica não foi conferida em todos os tamanhos.,globals.css define :focus-visible em .site; sem verificação por rota/todos os controles.,No state marker detected in scanned source (not a runtime inventory),src/app/privacidade/page.tsx; src/app/layout.tsx (RootLayout),— (nenhuma suíte de interface/rota mapeada nesta matriz; ausência não prova ausência de outros testes indiretos),— (nenhuma captura visual por rota encontrada na evidência mapeada),— (nenhuma validação manual específica desta rota registrada nesta matriz),"Não documentado para esta rota; nenhuma aprovação humana inferida. README registra aprovação geral de conceitos visuais, não aceite por rota/estado.","Sem captura visual específica listada; tema dia/noite, 320/390/768/1440px, teclado e todos os estados não estão cobertos por esta linha. Nenhum aceite humano por rota foi localizado."
/proposta/aceite/[token],src/app/proposta/aceite/[token]/page.tsx,Site público — aceite de proposta por token,— (sem lista local),Sem papel declarado; rota pública/prévia por código. Não implica autorização para endpoints.,src/app/layout.tsx (RootLayout),page export: default export; AcceptanceClient; PublishedTheme (RootLayout),API/helper reference in route + direct components; dataset not queried in this inventory.,RootLayout/PublishedTheme e CSS público do escopo; não herda automaticamente o tema staff. Tema por rota não validado.,globals.css público possui breakpoints 1150/880/640px; página específica não foi conferida em todos os tamanhos.,globals.css define :focus-visible em .site; sem verificação por rota/todos os controles.,loading; error; retry; busy,src/app/proposta/aceite/[token]/page.tsx; src/app/layout.tsx (RootLayout),tests/f03-lead-to-implementation.integration.test.mjs,— (nenhuma captura visual por rota encontrada na evidência mapeada),— (nenhuma validação manual específica desta rota registrada nesta matriz),"Não documentado para esta rota; nenhuma aprovação humana inferida. README registra aprovação geral de conceitos visuais, não aceite por rota/estado.","Sem captura visual específica listada; tema dia/noite, 320/390/768/1440px, teclado e todos os estados não estão cobertos por esta linha. Nenhum aceite humano por rota foi localizado."
/qa/modulos,src/app/qa/modulos/page.tsx,QA local — catálogo de módulos,— (sem lista local),Sem papel declarado; rota pública/prévia por código. Não implica autorização para endpoints.,src/app/layout.tsx (RootLayout),page export: QAModuleIndex; AccessPanel; PublishedTheme (RootLayout),"Source marker(s) demo, preview; static hint only, not runtime dataset proof.",RootLayout/PublishedTheme e CSS público do escopo; não herda automaticamente o tema staff. Tema por rota não validado.,globals.css público possui breakpoints 1150/880/640px; página específica não foi conferida em todos os tamanhos.,globals.css define :focus-visible em .site; sem verificação por rota/todos os controles.,error,src/app/qa/modulos/page.tsx; src/app/layout.tsx (RootLayout),— (nenhuma suíte de interface/rota mapeada nesta matriz; ausência não prova ausência de outros testes indiretos),— (nenhuma captura visual por rota encontrada na evidência mapeada),— (nenhuma validação manual específica desta rota registrada nesta matriz),"Não documentado para esta rota; nenhuma aprovação humana inferida. README registra aprovação geral de conceitos visuais, não aceite por rota/estado.","Sem captura visual específica listada; tema dia/noite, 320/390/768/1440px, teclado e todos os estados não estão cobertos por esta linha. Nenhum aceite humano por rota foi localizado."
/segmentos,src/app/segmentos/page.tsx,Site público — segmentos,— (sem lista local),Sem papel declarado; rota pública/prévia por código. Não implica autorização para endpoints.,src/app/layout.tsx (RootLayout),page export: SegmentosPage; PublishedTheme (RootLayout),"Source marker(s) exemplo; static hint only, not runtime dataset proof.",RootLayout/PublishedTheme e CSS público do escopo; não herda automaticamente o tema staff. Tema por rota não validado.,globals.css público possui breakpoints 1150/880/640px; página específica não foi conferida em todos os tamanhos.,globals.css define :focus-visible em .site; sem verificação por rota/todos os controles.,No state marker detected in scanned source (not a runtime inventory),src/app/segmentos/page.tsx; src/app/layout.tsx (RootLayout),tests/seo-technical.test.mjs,— (nenhuma captura visual por rota encontrada na evidência mapeada),— (nenhuma validação manual específica desta rota registrada nesta matriz),"Não documentado para esta rota; nenhuma aprovação humana inferida. README registra aprovação geral de conceitos visuais, não aceite por rota/estado.","Sem captura visual específica listada; tema dia/noite, 320/390/768/1440px, teclado e todos os estados não estão cobertos por esta linha. Nenhum aceite humano por rota foi localizado."
/segmentos/[key],src/app/segmentos/[key]/page.tsx,Site público — segmento dinâmico,— (sem lista local),Sem papel declarado; rota pública/prévia por código. Não implica autorização para endpoints.,src/app/layout.tsx (RootLayout),page export: default export; PublishedTheme (RootLayout),No demo marker or direct API helper detected in route + first-level components; data provenance not inferred.,RootLayout/PublishedTheme e CSS público do escopo; não herda automaticamente o tema staff. Tema por rota não validado.,globals.css público possui breakpoints 1150/880/640px; página específica não foi conferida em todos os tamanhos.,globals.css define :focus-visible em .site; sem verificação por rota/todos os controles.,No state marker detected in scanned source (not a runtime inventory),src/app/segmentos/[key]/page.tsx; src/app/layout.tsx (RootLayout),tests/seo-technical.test.mjs,— (nenhuma captura visual por rota encontrada na evidência mapeada),— (nenhuma validação manual específica desta rota registrada nesta matriz),"Não documentado para esta rota; nenhuma aprovação humana inferida. README registra aprovação geral de conceitos visuais, não aceite por rota/estado.","Sem captura visual específica listada; tema dia/noite, 320/390/768/1440px, teclado e todos os estados não estão cobertos por esta linha. Nenhum aceite humano por rota foi localizado."
/servicos,src/app/servicos/page.tsx,Site público — catálogo de serviços,— (sem lista local),Sem papel declarado; rota pública/prévia por código. Não implica autorização para endpoints.,src/app/layout.tsx (RootLayout),page export: ServicosPage; PublishedTheme (RootLayout),No demo marker or direct API helper detected in route + first-level components; data provenance not inferred.,RootLayout/PublishedTheme e CSS público do escopo; não herda automaticamente o tema staff. Tema por rota não validado.,globals.css público possui breakpoints 1150/880/640px; página específica não foi conferida em todos os tamanhos.,globals.css define :focus-visible em .site; sem verificação por rota/todos os controles.,No state marker detected in scanned source (not a runtime inventory),src/app/servicos/page.tsx; src/app/layout.tsx (RootLayout),tests/seo-technical.test.mjs,— (nenhuma captura visual por rota encontrada na evidência mapeada),— (nenhuma validação manual específica desta rota registrada nesta matriz),"Não documentado para esta rota; nenhuma aprovação humana inferida. README registra aprovação geral de conceitos visuais, não aceite por rota/estado.","Sem captura visual específica listada; tema dia/noite, 320/390/768/1440px, teclado e todos os estados não estão cobertos por esta linha. Nenhum aceite humano por rota foi localizado."
/servicos/[id],src/app/servicos/[id]/page.tsx,Site público — serviço dinâmico,— (sem lista local),Sem papel declarado; rota pública/prévia por código. Não implica autorização para endpoints.,src/app/layout.tsx (RootLayout),page export: default export; PublishedTheme (RootLayout),No demo marker or direct API helper detected in route + first-level components; data provenance not inferred.,RootLayout/PublishedTheme e CSS público do escopo; não herda automaticamente o tema staff. Tema por rota não validado.,globals.css público possui breakpoints 1150/880/640px; página específica não foi conferida em todos os tamanhos.,globals.css define :focus-visible em .site; sem verificação por rota/todos os controles.,No state marker detected in scanned source (not a runtime inventory),src/app/servicos/[id]/page.tsx; src/app/layout.tsx (RootLayout),tests/seo-technical.test.mjs,— (nenhuma captura visual por rota encontrada na evidência mapeada),— (nenhuma validação manual específica desta rota registrada nesta matriz),"Não documentado para esta rota; nenhuma aprovação humana inferida. README registra aprovação geral de conceitos visuais, não aceite por rota/estado.","Sem captura visual específica listada; tema dia/noite, 320/390/768/1440px, teclado e todos os estados não estão cobertos por esta linha. Nenhum aceite humano por rota foi localizado."
/simulador,src/app/simulador/page.tsx,Site público — simulador de pedido,— (sem lista local),Sem papel declarado; rota pública/prévia por código. Não implica autorização para endpoints.,src/app/layout.tsx (RootLayout),page export: SimulatorPage; PublishedTheme (RootLayout),"Source marker(s) demo, prévia; static hint only, not runtime dataset proof.",RootLayout/PublishedTheme e CSS público do escopo; não herda automaticamente o tema staff. Tema por rota não validado.,"globals.css público possui breakpoints 1150/880/640px; página específica não foi conferida em todos os tamanhos. Módulos locais detectados: max-width: 900px, max-width: 620px.",globals.css define :focus-visible em .site; sem verificação por rota/todos os controles.,error,src/app/simulador/page.tsx; src/app/layout.tsx (RootLayout),tests/lead-flow.integration.test.mjs,— (nenhuma captura visual por rota encontrada na evidência mapeada),— (nenhuma validação manual específica desta rota registrada nesta matriz),"Não documentado para esta rota; nenhuma aprovação humana inferida. README registra aprovação geral de conceitos visuais, não aceite por rota/estado.","Sem captura visual específica listada; tema dia/noite, 320/390/768/1440px, teclado e todos os estados não estão cobertos por esta linha. Nenhum aceite humano por rota foi localizado."
